"SampleDate.SampleEvent","Name.Site","Latitude.Site","Longitude.Site","EcosystemType.Site","Type.OrganismStoichiometry","TaxonomicKingdom.OrganismStoichiometry","order","family","genus","invertebrateLifeStage","OrganismSizeNotes.OrganismStoichiometry","C","CarbonUnits.OrganismStoichiometry","N","NitrogenUnits.OrganismStoichiometry","P","PhosphorusUnits.OrganismStoichiometry","CN","CP","NP","siteID"
2022-11-21,"rio cupeyes neon",18.110265,-66.986411,"Stream","Insecta","Animalia","Coleoptera","Elmidae","Neoelmis","adult",,49.8,"percent_dm",11.3,"percent_dm",,,5.14159292,,,"CUPE"
2022-11-16,"rio yahuecas neon",18.174359,-66.800063,"Stream","Insecta","Animalia","Coleoptera","Elmidae","Neoelmis","adult",,51.4,"percent_dm",10.4,"percent_dm",,,5.76602564,,,"GUIL"
2022-11-16,"rio yahuecas neon",18.174359,-66.800063,"Stream","Insecta","Animalia","Diptera","Chironomidae",,"larva",,45.3,"percent_dm",8.8,"percent_dm",0.3,"percent_dm",6.00568182,390.08333333,64.95238095,"GUIL"
2022-11-16,"rio yahuecas neon",18.174359,-66.800063,"Stream","Insecta","Animalia","Odonata","Libellulidae",,"larva",,50.1,"percent_dm",9.6,"percent_dm",,,6.08854167,,,"GUIL"
2022-11-16,"rio yahuecas neon",18.174359,-66.800063,"Stream","Insecta","Animalia","Lepidoptera","Crambidae","Petrophila","larva",,52.8,"percent_dm",8.6,"percent_dm",,,7.1627907,,,"GUIL"
2022-11-16,"rio yahuecas neon",18.174359,-66.800063,"Stream","Insecta","Animalia","Ephemeroptera","Leptophlebiidae","Neohagenulus","larva",,47.3,"percent_dm",6.4,"percent_dm",,,8.62239583,,,"GUIL"
2022-10-26,"mayfield creek neon",32.961588,-87.408223,"Stream","Insecta","Animalia","Coleoptera","Elmidae","Stenelmis","larva",,49.7,"percent_dm",12.8,"percent_dm",,,4.52994792,,,"MAYF"
2022-10-26,"mayfield creek neon",32.961588,-87.408223,"Stream","Insecta","Animalia","Ephemeroptera","Heptageniidae",,"larva",,45.6,"percent_dm",8.8,"percent_dm",,,6.04545455,,,"MAYF"
2022-10-25,"walker branch neon",35.956053,-84.278692,"Stream","Insecta","Animalia","Diptera","Limoniidae","Hexatoma","larva",,48.9,"percent_dm",12.1,"percent_dm",,,4.71487603,,,"WALK"
2022-10-25,"walker branch neon",35.956053,-84.278692,"Stream","Insecta","Animalia","Coleoptera","Ptilodactylidae","Anchytarsus","larva",,39.4,"percent_dm",9.7,"percent_dm",0.19,"percent_dm",4.73883162,535.70175439,113.04511278,"WALK"
2022-10-25,"walker branch neon",35.956053,-84.278692,"Stream","Insecta","Animalia","Coleoptera","Elmidae","Oulimnius","adult",,50.5,"percent_dm",10.5,"percent_dm",0.11,"percent_dm",5.61111111,1185.98484848,211.36363636,"WALK"
2022-10-18,"leconte creek neon",35.692201,-83.504427,"Stream","Insecta","Animalia","Diptera","Limoniidae","Cryptolabis","larva",,43.5,"percent_dm",11.3,"percent_dm",,,4.49115044,,,"LECO"
2022-10-18,"leconte creek neon",35.692201,-83.504427,"Stream","Insecta","Animalia","Diptera",,,"pupa",,44.8,"percent_dm",9.9,"percent_dm",,,5.27946128,,,"LECO"
2022-10-18,"leconte creek neon",35.692201,-83.504427,"Stream","Insecta","Animalia","Plecoptera","Perlodidae",,"larva",,52.2,"percent_dm",11.5,"percent_dm",,,5.29565217,,,"LECO"
2022-10-18,"leconte creek neon",35.692201,-83.504427,"Stream","Insecta","Animalia","Coleoptera","Elmidae","Optioservus","adult",,52.3,"percent_dm",9.9,"percent_dm",,,6.16329966,,,"LECO"
2022-10-18,"leconte creek neon",35.692201,-83.504427,"Stream","Insecta","Animalia","Ephemeroptera","Heptageniidae","Leucrocuta","larva",,53.8,"percent_dm",7.5,"percent_dm",0.67,"percent_dm",8.36888889,207.43781095,24.78678038,"LECO"
2022-10-17,"posey creek neon",38.89431,-78.147258,"Stream","Insecta","Animalia","Plecoptera","Perlidae","Acroneuria","larva",,47.3,"percent_dm",13,"percent_dm",,,4.24487179,,,"POSE"
2022-10-17,"posey creek neon",38.89431,-78.147258,"Stream","Insecta","Animalia","Ephemeroptera","Heptageniidae","Stenonema","larva",,42.2,"percent_dm",9.4,"percent_dm",0.5,"percent_dm",5.23758865,218.03333333,41.62857143,"POSE"
2022-10-17,"posey creek neon",38.89431,-78.147258,"Stream","Insecta","Animalia","Plecoptera","Peltoperlidae","Tallaperla","larva",,50.6,"percent_dm",8.2,"percent_dm",,,7.19918699,,,"POSE"
2022-10-12,"blue river neon",34.448448,-96.622796,"River","Insecta","Animalia","Coleoptera","Elmidae","Dubiraphia","larva",,43.8,"percent_dm",8.9,"percent_dm",,,5.74157303,,,"BLUE"
2022-10-12,"blue river neon",34.448448,-96.622796,"River","Insecta","Animalia","Coleoptera","Elmidae","Neoelmis","larva","average of all individuals",51.8,"percent_dm",9.9,"percent_dm",0.12,"percent_dm",6.1043771,1115.13888889,182.67857143,"BLUE"
2022-10-05,"flint river neon",31.184609,-84.438438,"River","Insecta","Animalia","Ephemeroptera","Caenidae","Caenis","larva",,52.1,"percent_dm",9.7,"percent_dm",,,6.26632302,,,"FLNT"
2022-10-03,"martha creek neon",45.79233,-121.929416,"Stream","Insecta","Animalia","Plecoptera","Perlidae","Calineuria","larva","average of all individuals",50,"percent_dm",12.3,"percent_dm",0.32,"percent_dm",4.74254743,403.64583333,85.11160714,"MART"
2022-10-03,"martha creek neon",45.79233,-121.929416,"Stream","Insecta","Animalia","Trichoptera","Hydropsychidae","Hydropsyche","larva",,51,"percent_dm",7.9,"percent_dm",,,7.53164557,,,"MART"
2022-10-03,"martha creek neon",45.79233,-121.929416,"Stream","Insecta","Animalia","Ephemeroptera","Ameletidae","Ameletus","larva",,58.1,"percent_dm",6,"percent_dm",,,11.29722222,,,"MART"
2022-10-03,"red butte creek neon",40.784627,-111.796265,"Stream","Insecta","Animalia","Diptera","Ptychopteridae","Ptychoptera","larva","average of all individuals",27.6,"percent_dm",5.2,"percent_dm",0.6,"percent_dm",6.19230769,118.83333333,19.19047619,"REDB"
2022-10-03,"red butte creek neon",40.784627,-111.796265,"Stream","Insecta","Animalia","Diptera","Chironomidae",,"larva",,40.1,"percent_dm",7.3,"percent_dm",,,6.4086758,,,"REDB"
2022-10-03,"red butte creek neon",40.784627,-111.796265,"Stream","Insecta","Animalia","Coleoptera","Elmidae","Cleptelmis","larva",,51.8,"percent_dm",8.6,"percent_dm",,,7.02713178,,,"REDB"
2022-09-27,"kings creek neon",39.105069,-96.603387,"Stream","Insecta","Animalia","Diptera","Limoniidae","Hexatoma","larva",,47.9,"percent_dm",11.1,"percent_dm",,,5.03453453,,,"KING"
2022-09-27,"kings creek neon",39.105069,-96.603387,"Stream","Insecta","Animalia","Trichoptera","Polycentropodidae","Polycentropus","larva",,51.2,"percent_dm",11.5,"percent_dm",,,5.1942029,,,"KING"
2022-09-27,"kings creek neon",39.105069,-96.603387,"Stream","Insecta","Animalia","Diptera",,,"pupa",,45.9,"percent_dm",9.7,"percent_dm",,,5.52061856,,,"KING"
2022-09-27,"kings creek neon",39.105069,-96.603387,"Stream","Insecta","Animalia","Trichoptera","Hydropsychidae","Cheumatopsyche","larva",,43.2,"percent_dm",7.8,"percent_dm",0.2,"percent_dm",6.46153846,558,86.35714286,"KING"
2022-09-27,"kings creek neon",39.105069,-96.603387,"Stream","Insecta","Animalia","Trichoptera","Hydroptilidae","Hydroptila","larva",,53.3,"percent_dm",6.3,"percent_dm",,,9.87037037,,,"KING"
2022-09-26,"mcdiffett creek neon",38.946553,-96.442948,"Stream","Insecta","Animalia","Diptera","Chironomidae",,"larva",,47.1,"percent_dm",9.1,"percent_dm",0.39,"percent_dm",6.03846154,311.9871795,51.66666667,"MCDI"
2022-09-26,"mcdiffett creek neon",38.946553,-96.442948,"Stream","Insecta","Animalia","Ephemeroptera","Caenidae","Caenis","larva","average of all individuals",41.6,"percent_dm",9.1,"percent_dm",0.29,"percent_dm",5.33333333,370.5747126,69.48275862,"MCDI"
2022-09-26,"mcdiffett creek neon",38.946553,-96.442948,"Stream","Insecta","Animalia","Ephemeroptera","Leptophlebiidae",,"larva",,45.1,"percent_dm",11.9,"percent_dm",,,4.42156863,,,"MCDI"
2022-09-26,"mcdiffett creek neon",38.946553,-96.442948,"Stream","Insecta","Animalia","Ephemeroptera","Heptageniidae","Stenacron","larva","average of all individuals",39.5,"percent_dm",5.8,"percent_dm",0.28,"percent_dm",7.9454023,364.4345238,45.86734694,"MCDI"
2022-09-26,"mcdiffett creek neon",38.946553,-96.442948,"Stream","Insecta","Animalia","Trichoptera","Hydropsychidae","Cheumatopsyche","larva",,45.2,"percent_dm",10.9,"percent_dm",,,4.83792049,,,"MCDI"
2022-09-20,"mcrae creek neon",44.258957,-122.165861,"Stream","Insecta","Animalia","Plecoptera","Perlidae","Calineuria","larva",,51.5,"percent_dm",11.8,"percent_dm",0.22,"percent_dm",5.09180791,604.73484848,118.76623377,"MCRA"
2022-09-20,"mcrae creek neon",44.258957,-122.165861,"Stream","Insecta","Animalia","Trichoptera","Odontoceridae","Namamyia","larva",,48.8,"percent_dm",8.1,"percent_dm",,,7.02880658,,,"MCRA"
2022-09-20,"mcrae creek neon",44.258957,-122.165861,"Stream","Insecta","Animalia","Plecoptera","Chloroperlidae","Sweltsa","larva",,55.6,"percent_dm",7.4,"percent_dm",,,8.76576577,,,"MCRA"
2022-09-14,"teakettle creek - watershed 2 neon",36.955312,-119.023204,"Stream","Insecta","Animalia","Plecoptera","Perlidae","Calineuria","larva","average of all individuals",51.6,"percent_dm",13,"percent_dm",0.32,"percent_dm",4.63076923,416.5625,89.95535714,"TECR"
2022-09-14,"teakettle creek - watershed 2 neon",36.955312,-119.023204,"Stream","Insecta","Animalia","Trichoptera","Rhyacophilidae","Rhyacophila","larva","average of all individuals",54.1,"percent_dm",10.2,"percent_dm",0.53,"percent_dm",6.1879085,263.6949686,42.61455526,"TECR"
2022-09-14,"teakettle creek - watershed 2 neon",36.955312,-119.023204,"Stream","Insecta","Animalia","Trichoptera","Philopotamidae","Dolophilodes","larva","average of all individuals",51.3,"percent_dm",10.5,"percent_dm",0.36,"percent_dm",5.7,368.125,64.58333333,"TECR"
2022-09-14,"teakettle creek - watershed 2 neon",36.955312,-119.023204,"Stream","Insecta","Animalia","Trichoptera","Brachycentridae","Micrasema","larva",,56.6,"percent_dm",6.3,"percent_dm",,,10.48148148,,,"TECR"
2022-09-14,"teakettle creek - watershed 2 neon",36.955312,-119.023204,"Stream","Insecta","Animalia","Coleoptera","Elmidae","Narpus","larva","average of all individuals",49.8,"percent_dm",9.2,"percent_dm",0.35,"percent_dm",6.31521739,367.5714286,58.20408163,"TECR"
2022-09-14,"teakettle creek - watershed 2 neon",36.955312,-119.023204,"Stream","Insecta","Animalia","Diptera","Chironomidae",,"larva",,55.8,"percent_dm",17.4,"percent_dm",,,3.74137931,,,"TECR"
2022-09-14,"teakettle creek - watershed 2 neon",36.955312,-119.023204,"Stream","Insecta","Animalia","Diptera","Limoniidae","Antocha","larva",,48.5,"percent_dm",10.5,"percent_dm",,,5.38888889,,,"TECR"
2022-09-14,"teakettle creek - watershed 2 neon",36.955312,-119.023204,"Stream","Insecta","Animalia","Diptera","Simuliidae","Simulium","larva",,47.8,"percent_dm",9.7,"percent_dm",,,5.74914089,,,"TECR"
2022-09-14,"teakettle creek - watershed 2 neon",36.955312,-119.023204,"Stream","Insecta","Animalia","Trichoptera",,,"pupa",,53.6,"percent_dm",13.6,"percent_dm",,,4.59803922,,,"TECR"
2022-09-14,"teakettle creek - watershed 2 neon",36.955312,-119.023204,"Stream","Insecta","Animalia","Diptera","Psychodidae",,"larva",,39,"percent_dm",6.4,"percent_dm",,,7.109375,,,"TECR"
2022-09-14,"teakettle creek - watershed 2 neon",36.955312,-119.023204,"Stream","Insecta","Animalia","Diptera","Chironomidae",,"larva","average of all individuals",53.1,"percent_dm",11.8,"percent_dm",0.5,"percent_dm",5.25,274.35,52.25714286,"TECR"
2022-09-14,"teakettle creek - watershed 2 neon",36.955312,-119.023204,"Stream","Insecta","Animalia","Plecoptera","Nemouridae","Zapada","larva",,48.9,"percent_dm",11,"percent_dm",0.43,"percent_dm",5.18636364,293.7790698,56.64451827,"TECR"
2022-09-14,"teakettle creek - watershed 2 neon",36.955312,-119.023204,"Stream","Insecta","Animalia","Ephemeroptera","Leptophlebiidae",,"larva",,55.6,"percent_dm",8.6,"percent_dm",,,7.54263566,,,"TECR"
2022-09-14,"teakettle creek - watershed 2 neon",36.955312,-119.023204,"Stream","Insecta","Animalia","Ephemeroptera","Baetidae","Baetis","larva",,50.9,"percent_dm",9.9,"percent_dm",,,5.9983165,,,"TECR"
2022-09-14,"teakettle creek - watershed 2 neon",36.955312,-119.023204,"Stream","Insecta","Animalia","Ephemeroptera","Heptageniidae","Ironodes","larva",,51.8,"percent_dm",10.2,"percent_dm",,,5.9248366,,,"TECR"
2022-09-14,"teakettle creek - watershed 2 neon",36.955312,-119.023204,"Stream","Insecta","Animalia","Ephemeroptera","Ephemerellidae","Drunella","larva",,50.1,"percent_dm",9.7,"percent_dm",,,6.0257732,,,"TECR"
2022-09-14,"teakettle creek - watershed 2 neon",36.955312,-119.023204,"Stream","Insecta","Animalia","Plecoptera","Perlodidae",,"larva","average of all individuals",49.5,"percent_dm",11.7,"percent_dm",0.31,"percent_dm",4.93589744,412.5,83.57142857,"TECR"
2022-09-14,"teakettle creek - watershed 2 neon",36.955312,-119.023204,"Stream","Insecta","Animalia","Coleoptera","Hydraenidae","Hydraena","adult",,49.6,"percent_dm",9.8,"percent_dm",,,5.9047619,,,"TECR"
2022-09-12,"west st louis creek neon",39.891161,-105.914011,"Stream","Insecta","Animalia","Coleoptera","Elmidae","Heterlimnius","larva","average of all individuals",48.1,"percent_dm",9,"percent_dm",0.27,"percent_dm",6.23518519,460.21604938,73.80952381,"WLOU"
2022-09-12,"west st louis creek neon",39.891161,-105.914011,"Stream","Insecta","Animalia","Ephemeroptera","Baetidae","Baetis","larva","average of all individuals",47.8,"percent_dm",6.8,"percent_dm",0.27,"percent_dm",8.20098039,457.34567901,55.76719577,"WLOU"
2022-09-12,"west st louis creek neon",39.891161,-105.914011,"Stream","Insecta","Animalia","Ephemeroptera","Heptageniidae","Rhithrogena","larva","average of all individuals",42.7,"percent_dm",6,"percent_dm",0.4,"percent_dm",8.30277778,275.77083333,33.21428571,"WLOU"
2022-08-29,"oksrukuyik creek neon",68.669308,-149.144107,"Stream","Insecta","Animalia","Plecoptera","Chloroperlidae","Alaskaperla","larva",,51.3,"percent_dm",10.3,"percent_dm",,,5.81067961,,,"OKSR"
2022-08-29,"oksrukuyik creek neon",68.669308,-149.144107,"Stream","Insecta","Animalia","Plecoptera","Nemouridae","Nemoura","larva",,51.4,"percent_dm",9.6,"percent_dm",,,6.24652778,,,"OKSR"
2022-08-29,"oksrukuyik creek neon",68.669308,-149.144107,"Stream","Insecta","Animalia","Ephemeroptera","Heptageniidae","Cingymula","larva","average of all individuals",54.3,"percent_dm",8.3,"percent_dm",0.756,"percent_dm",7.63253012,185.5489418,24.31027967,"OKSR"
2022-08-15,"caribou creek neon",65.15308,-147.501997,"Stream","Insecta","Animalia","Ephemeroptera","Heptageniidae","Cinygmula","larva",,45,"percent_dm",4.9,"percent_dm",0.51,"percent_dm",10.71428571,227.9411765,21.2745098,"CARI"
2022-08-15,"caribou creek neon",65.15308,-147.501997,"Stream","Insecta","Animalia","Trichoptera","Rhyacophilidae","Rhyacophila","larva",,47,"percent_dm",8.6,"percent_dm",,,6.37596899,,,"CARI"
2022-08-10,"black warrior river neon",32.54067,-87.79806,"River","Insecta","Animalia","Diptera","Chironomidae",,"larva","average of all individuals",48.1,"percent_dm",9.7,"percent_dm",0.765,"percent_dm",5.78522337,162.4291939,28.07656396,"BLWA"
2022-07-27,"lower tombigbee river neon",31.85382,-88.1573,"River","Insecta","Animalia","Trichoptera","Polycentropodidae","Cyrnellus","larva",,49.5,"percent_dm",12.3,"percent_dm",,,4.69512195,,,"TOMB"
2022-07-27,"lower tombigbee river neon",31.85382,-88.1573,"River","Insecta","Animalia","Diptera","Chironomidae",,"larva",,47.4,"percent_dm",10,"percent_dm",0.51,"percent_dm",5.53,240.09803922,43.41736695,"TOMB"
2022-07-20,"leconte creek neon",35.692201,-83.504427,"Stream","Insecta","Animalia","Coleoptera","Psephenidae","Psephenus","larva",,48.1,"percent_dm",11.1,"percent_dm",,,5.05555556,,,"LECO"
2022-07-20,"leconte creek neon",35.692201,-83.504427,"Stream","Insecta","Animalia","Trichoptera","Rhyacophilidae","Rhyacophila","larva",,49.8,"percent_dm",11,"percent_dm",,,5.28181818,,,"LECO"
2022-07-20,"leconte creek neon",35.692201,-83.504427,"Stream","Insecta","Animalia","Trichoptera","Hydropsychidae","Diplectrona","larva",,49.9,"percent_dm",10.7,"percent_dm",,,5.44080997,,,"LECO"
2022-07-20,"leconte creek neon",35.692201,-83.504427,"Stream","Insecta","Animalia","Ephemeroptera","Heptageniidae","Leucrocuta","larva","average of all individuals",49,"percent_dm",8,"percent_dm",0.29,"percent_dm",7.14583333,436.49425287,61.08374384,"LECO"
2022-07-20,"mcdiffett creek neon",38.946553,-96.442948,"Stream","Insecta","Animalia","Ephemeroptera","Heptageniidae","Stenonema","larva","average of all individuals",39.9,"percent_dm",9.6,"percent_dm",0.74,"percent_dm",4.84895833,139.29054054,28.72586873,"MCDI"
2022-07-20,"mcdiffett creek neon",38.946553,-96.442948,"Stream","Insecta","Animalia","Diptera","Chironomidae",,"larva",,39.3,"percent_dm",8.3,"percent_dm",0.36,"percent_dm",5.52409639,282.01388889,51.0515873,"MCDI"
2022-07-20,"mcdiffett creek neon",38.946553,-96.442948,"Stream","Insecta","Animalia","Trichoptera","Hydropsychidae","Cheumatopsyche","larva","average of all individuals",38,"percent_dm",7.6,"percent_dm",0.446,"percent_dm",5.83333333,220.10463378,37.73222293,"MCDI"
2022-07-20,"mcdiffett creek neon",38.946553,-96.442948,"Stream","Insecta","Animalia","Ephemeroptera","Baetidae","Baetis","larva",,50.7,"percent_dm",8.8,"percent_dm",,,6.72159091,,,"MCDI"
2022-07-20,"mcdiffett creek neon",38.946553,-96.442948,"Stream","Insecta","Animalia","Ephemeroptera","Baetidae","Fallceon","larva","average of all individuals",41.1,"percent_dm",6,"percent_dm",0.522,"percent_dm",7.99166667,203.40038314,25.45155993,"MCDI"
2022-07-20,"teakettle creek - watershed 2 neon",36.955312,-119.023204,"Stream","Insecta","Animalia","Coleoptera","Dytiscidae",,"adult",,49.6,"percent_dm",11.7,"percent_dm",,,4.94586895,,,"TECR"
2022-07-20,"teakettle creek - watershed 2 neon",36.955312,-119.023204,"Stream","Insecta","Animalia","Coleoptera","Elmidae","Cleptelmis","larva",,52.5,"percent_dm",10.6,"percent_dm",,,5.77830189,,,"TECR"
2022-07-20,"teakettle creek - watershed 2 neon",36.955312,-119.023204,"Stream","Insecta","Animalia","Coleoptera","Elmidae","Optioservus","larva",,55,"percent_dm",8.5,"percent_dm",,,7.54901961,,,"TECR"
2022-07-20,"teakettle creek - watershed 2 neon",36.955312,-119.023204,"Stream","Insecta","Animalia","Coleoptera","Elmidae","Narpus","larva",,52.7,"percent_dm",10.2,"percent_dm",,,6.02777778,,,"TECR"
2022-07-20,"teakettle creek - watershed 2 neon",36.955312,-119.023204,"Stream","Insecta","Animalia","Coleoptera","Elmidae","Lara","larva",,52.3,"percent_dm",9.8,"percent_dm",0.23,"percent_dm",6.22619048,587.4275362,94.34782609,"TECR"
2022-07-20,"teakettle creek - watershed 2 neon",36.955312,-119.023204,"Stream","Insecta","Animalia","Trichoptera","Calamoceratidae","Heteroplectron","larva",,51.1,"percent_dm",9.4,"percent_dm",0.86,"percent_dm",6.34219858,153.498062,24.20265781,"TECR"
2022-07-20,"teakettle creek - watershed 2 neon",36.955312,-119.023204,"Stream","Insecta","Animalia","Diptera","Tipulidae","Tipula","larva",,45,"percent_dm",9.8,"percent_dm",0.7,"percent_dm",5.35714286,166.0714286,31,"TECR"
2022-07-20,"teakettle creek - watershed 2 neon",36.955312,-119.023204,"Stream","Insecta","Animalia","Ephemeroptera","Ephemerellidae","Drunella","larva",,52.7,"percent_dm",9.6,"percent_dm",,,6.40451389,,,"TECR"
2022-07-20,"teakettle creek - watershed 2 neon",36.955312,-119.023204,"Stream","Insecta","Animalia","Ephemeroptera","Ephemerellidae","Ephemerella","larva",,53.9,"percent_dm",9.5,"percent_dm",,,6.61929825,,,"TECR"
2022-07-20,"teakettle creek - watershed 2 neon",36.955312,-119.023204,"Stream","Insecta","Animalia","Ephemeroptera","Baetidae","Baetis","larva",,54,"percent_dm",10.7,"percent_dm",,,5.88785047,,,"TECR"
2022-07-20,"teakettle creek - watershed 2 neon",36.955312,-119.023204,"Stream","Insecta","Animalia","Megaloptera","Sialidae","Sialis","larva",,48,"percent_dm",12.2,"percent_dm",,,4.59016393,,,"TECR"
2022-07-20,"teakettle creek - watershed 2 neon",36.955312,-119.023204,"Stream","Insecta","Animalia","Plecoptera","Perlidae","Hesperoperla","larva",,49.8,"percent_dm",12.3,"percent_dm",,,4.72357724,,,"TECR"
2022-07-20,"teakettle creek - watershed 2 neon",36.955312,-119.023204,"Stream","Insecta","Animalia","Coleoptera","Elmidae","Cleptelmis","adult",,52.2,"percent_dm",9.8,"percent_dm",,,6.21428571,,,"TECR"
2022-07-19,"posey creek neon",38.89431,-78.147258,"Stream","Insecta","Animalia","Trichoptera","Glossosomatidae","Glossosoma","larva",,47.5,"percent_dm",11.5,"percent_dm",,,4.81884058,,,"POSE"
2022-07-19,"posey creek neon",38.89431,-78.147258,"Stream","Insecta","Animalia","Plecoptera","Perlidae","Acroneuria","larva",,46.3,"percent_dm",10.9,"percent_dm",0.37,"percent_dm",4.95565749,323.26576577,65.23166023,"POSE"
2022-07-19,"posey creek neon",38.89431,-78.147258,"Stream","Insecta","Animalia","Trichoptera","Uenoidae","Neophylax","larva",,51.4,"percent_dm",9.6,"percent_dm",0.623,"percent_dm",6.24652778,213.13536651,34.12061454,"POSE"
2022-07-19,"posey creek neon",38.89431,-78.147258,"Stream","Insecta","Animalia","Trichoptera","Hydropsychidae","Cheumatopsyche","larva",,47.3,"percent_dm",8.4,"percent_dm",,,6.56944444,,,"POSE"
2022-07-19,"kings creek neon",39.105069,-96.603387,"Stream","Insecta","Animalia","Diptera","Limoniidae","Hexatoma","larva",,54.5,"percent_dm",10.3,"percent_dm",,,6.17313916,,,"KING"
2022-07-11,"rio cupeyes neon",18.110265,-66.986411,"Stream","Insecta","Animalia","Lepidoptera","Crambidae","Petrophila","larva",,49.1,"percent_dm",11.6,"percent_dm",,,4.93821839,,,"CUPE"
2022-07-11,"rio cupeyes neon",18.110265,-66.986411,"Stream","Insecta","Animalia","Trichoptera","Hydrobiosidae","Atopsyche","larva",,51.8,"percent_dm",12.1,"percent_dm",,,4.99449036,,,"CUPE"
2022-07-11,"rio cupeyes neon",18.110265,-66.986411,"Stream","Insecta","Animalia","Coleoptera","Elmidae","Neoelmis","adult","average of all individuals",50.2,"percent_dm",11,"percent_dm",0.36,"percent_dm",5.32424242,360.23148148,67.65873016,"CUPE"
2022-07-11,"rio cupeyes neon",18.110265,-66.986411,"Stream","Insecta","Animalia","Coleoptera","Elmidae","Hexacylloepus","adult",,48.7,"percent_dm",10.6,"percent_dm",,,5.36006289,,,"CUPE"
2022-07-11,"rio cupeyes neon",18.110265,-66.986411,"Stream","Insecta","Animalia","Coleoptera","Elmidae","Neoelmis","larva",,50.5,"percent_dm",9.9,"percent_dm",,,5.95117845,,,"CUPE"
2022-07-11,"rio cupeyes neon",18.110265,-66.986411,"Stream","Insecta","Animalia","Ephemeroptera","Leptophlebiidae","Neohagenulus","larva","average of all individuals",43.8,"percent_dm",7.3,"percent_dm",0.36,"percent_dm",7,314.30555556,44.90079365,"CUPE"
2022-07-11,"lower hop brook neon",42.471373,-72.326803,"Stream","Insecta","Animalia","Plecoptera","Perlidae","Paragnetina","larva",,50.2,"percent_dm",12,"percent_dm",0.25,"percent_dm",4.88055556,518.73333333,106.28571429,"HOPB"
2022-07-11,"lower hop brook neon",42.471373,-72.326803,"Stream","Insecta","Animalia","Trichoptera","Glossosomatidae","Glossosoma","larva",,45.7,"percent_dm",10,"percent_dm",,,5.33166667,,,"HOPB"
2022-07-11,"lower hop brook neon",42.471373,-72.326803,"Stream","Insecta","Animalia","Trichoptera","Rhyacophilidae","Rhyacophila","larva",,49.9,"percent_dm",10.6,"percent_dm",0.51,"percent_dm",5.49213836,252.76143791,46.02240896,"HOPB"
2022-07-11,"lower hop brook neon",42.471373,-72.326803,"Stream","Insecta","Animalia","Coleoptera","Psephenidae","Psephenus","larva",,47.1,"percent_dm",10,"percent_dm",0.48,"percent_dm",5.495,253.48958333,46.13095238,"HOPB"
2022-07-11,"lower hop brook neon",42.471373,-72.326803,"Stream","Insecta","Animalia","Coleoptera","Elmidae","Stenelmis","adult",,46.9,"percent_dm",9.9,"percent_dm",,,5.52693603,,,"HOPB"
2022-07-11,"lower hop brook neon",42.471373,-72.326803,"Stream","Insecta","Animalia","Plecoptera","Leuctridae","Leuctra","larva",,52.9,"percent_dm",9.6,"percent_dm",,,6.42881944,,,"HOPB"
2022-07-07,"flint river neon",31.184609,-84.438438,"River","Insecta","Animalia","Coleoptera","Elmidae","Macronychus","larva","average of all individuals",51.8,"percent_dm",10.3,"percent_dm",0.42,"percent_dm",5.86731392,318.61111111,54.30272109,"FLNT"
2022-07-07,"flint river neon",31.184609,-84.438438,"River","Insecta","Animalia","Ephemeroptera","Heptageniidae","Stenonema","larva",,39.7,"percent_dm",5.8,"percent_dm",,,7.98563218,,,"FLNT"
2022-07-06,"walker branch neon",35.956053,-84.278692,"Stream","Insecta","Animalia","Coleoptera","Psephenidae","Psephenus","larva",,46.3,"percent_dm",9.6,"percent_dm",0.29,"percent_dm",5.62673611,412.4425287,73.30049261,"WALK"
2022-07-06,"walker branch neon",35.956053,-84.278692,"Stream","Insecta","Animalia","Plecoptera","Leuctridae","Leuctra","larva",,39.5,"percent_dm",7,"percent_dm",0.35,"percent_dm",6.58333333,291.547619,44.28571429,"WALK"
2022-07-06,"walker branch neon",35.956053,-84.278692,"Stream","Insecta","Animalia","Trichoptera","Polycentropodidae","Polycentropus","larva",,52.9,"percent_dm",11,"percent_dm",,,5.61060606,,,"WALK"
2022-07-06,"walker branch neon",35.956053,-84.278692,"Stream","Insecta","Animalia","Diptera","Chironomidae",,"larva",,53.5,"percent_dm",9.5,"percent_dm",,,6.57017544,,,"WALK"
2022-07-06,"walker branch neon",35.956053,-84.278692,"Stream","Insecta","Animalia","Coleoptera","Elmidae","Oulimnius","adult",,51.4,"percent_dm",10,"percent_dm",,,5.99666667,,,"WALK"
2022-07-06,"walker branch neon",35.956053,-84.278692,"Stream","Insecta","Animalia","Coleoptera","Psephenidae","Ectopria","larva",,51.3,"percent_dm",10.7,"percent_dm",,,5.59345794,,,"WALK"
2022-07-06,"walker branch neon",35.956053,-84.278692,"Stream","Insecta","Animalia","Coleoptera","Elmidae","Oulimnius","larva",,53.3,"percent_dm",9.1,"percent_dm",,,6.83333333,,,"WALK"
2022-07-06,"walker branch neon",35.956053,-84.278692,"Stream","Insecta","Animalia","Plecoptera","Chloroperlidae","Sweltsa","larva",,52.5,"percent_dm",8.4,"percent_dm",0.25,"percent_dm",7.29166667,542.5,74.4,"WALK"
2022-07-05,"como creek neon",40.033463,-105.541431,"Stream","Insecta","Animalia","Trichoptera","Rhyacophilidae","Rhyacophila","larva",,53.1,"percent_dm",10.9,"percent_dm",,,5.68348624,,,"COMO"
2022-07-05,"como creek neon",40.033463,-105.541431,"Stream","Insecta","Animalia","Trichoptera",,,"pupa",,49.8,"percent_dm",10.2,"percent_dm",0.55,"percent_dm",5.69607843,233.90909091,41.06493506,"COMO"
2022-07-05,"como creek neon",40.033463,-105.541431,"Stream","Insecta","Animalia","Plecoptera","Chloroperlidae","Sweltsa","larva",,51.4,"percent_dm",8.7,"percent_dm",0.68,"percent_dm",6.89272031,195.26960784,28.32983193,"COMO"
2022-07-05,"como creek neon",40.033463,-105.541431,"Stream","Insecta","Animalia","Ephemeroptera","Heptageniidae","Cingymula","larva",,37.5,"percent_dm",5.9,"percent_dm",,,7.41525424,,,"COMO"
2022-07-02,"mayfield creek neon",32.961588,-87.408223,"Stream","Insecta","Animalia","Hemiptera","Veliidae","Rhagovelia",,,48.8,"percent_dm",10.9,"percent_dm",,,5.22324159,,,"MAYF"
2022-06-30,"west st louis creek neon",39.891161,-105.914011,"Stream","Insecta","Animalia","Coleoptera","Elmidae","Heterlimnius","larva",,50.4,"percent_dm",9.9,"percent_dm",,,5.93939394,,,"WLOU"
2022-06-30,"west st louis creek neon",39.891161,-105.914011,"Stream","Insecta","Animalia","Ephemeroptera","Baetidae","Baetis","larva",,53.5,"percent_dm",7.6,"percent_dm",,,8.2127193,,,"WLOU"
2022-06-30,"west st louis creek neon",39.891161,-105.914011,"Stream","Insecta","Animalia","Ephemeroptera","Heptageniidae","Cingymula","larva",,41.1,"percent_dm",4.6,"percent_dm",,,10.42391304,,,"WLOU"
2022-06-29,"caribou creek neon",65.15308,-147.501997,"Stream","Insecta","Animalia","Diptera","Simuliidae","Prosimulium","larva",,49.1,"percent_dm",9,"percent_dm",,,6.36481481,,,"CARI"
2022-06-29,"caribou creek neon",65.15308,-147.501997,"Stream","Insecta","Animalia","Ephemeroptera","Baetidae","Baetis","larva","average of all individuals",45,"percent_dm",7.2,"percent_dm",0.4,"percent_dm",7.29166667,290.625,39.85714286,"CARI"
2022-06-29,"caribou creek neon",65.15308,-147.501997,"Stream","Insecta","Animalia","Plecoptera","Nemouridae","Zapada","larva",,42.8,"percent_dm",5.3,"percent_dm",,,9.42138365,,,"CARI"
2022-06-28,"rio yahuecas neon",18.174359,-66.800063,"Stream","Insecta","Animalia","Lepidoptera","Crambidae","Petrophila","larva","average of all individuals",44.6,"percent_dm",10.8,"percent_dm",0.747,"percent_dm",4.81790123,154.23917894,32.01376936,"GUIL"
2022-06-28,"rio yahuecas neon",18.174359,-66.800063,"Stream","Insecta","Animalia","Trichoptera",,,"pupa",,51.9,"percent_dm",11.7,"percent_dm",0.3,"percent_dm",5.17521368,446.91666667,86.35714286,"GUIL"
2022-06-28,"rio yahuecas neon",18.174359,-66.800063,"Stream","Insecta","Animalia","Odonata","Libellulidae",,"larva","average of all individuals",46,"percent_dm",10,"percent_dm",0.74,"percent_dm",5.36666667,160.58558559,29.92277992,"GUIL"
2022-06-28,"rio yahuecas neon",18.174359,-66.800063,"Stream","Insecta","Animalia","Coleoptera","Elmidae","Hexacylloepus","larva",,47.5,"percent_dm",10,"percent_dm",0.26,"percent_dm",5.54166667,471.95512821,85.16483516,"GUIL"
2022-06-28,"rio yahuecas neon",18.174359,-66.800063,"Stream","Insecta","Animalia","Coleoptera","Elmidae","Hexacylloepus","adult","average of all individuals",49.5,"percent_dm",10.3,"percent_dm",0.308,"percent_dm",5.60679612,415.17857143,74.04916512,"GUIL"
2022-06-28,"rio yahuecas neon",18.174359,-66.800063,"Stream","Insecta","Animalia","Coleoptera","Elmidae","Neoelmis","adult",,49.1,"percent_dm",9.9,"percent_dm",0.286,"percent_dm",5.78619529,443.502331,76.64835165,"GUIL"
2022-06-28,"rio yahuecas neon",18.174359,-66.800063,"Stream","Insecta","Animalia","Coleoptera","Elmidae","Neoelmis","larva",,46.9,"percent_dm",8.4,"percent_dm",0.284,"percent_dm",6.51388889,426.61384977,65.49295775,"GUIL"
2022-06-28,"rio yahuecas neon",18.174359,-66.800063,"Stream","Insecta","Animalia","Trichoptera","Hydrobiosidae","Atopsyche","larva",,50.9,"percent_dm",8.8,"percent_dm",0.36,"percent_dm",6.74810606,365.25462963,54.12698413,"GUIL"
2022-06-28,"rio yahuecas neon",18.174359,-66.800063,"Stream","Insecta","Animalia","Ephemeroptera","Leptophlebiidae","Neohagenulus","larva","average of all individuals",45.8,"percent_dm",6.9,"percent_dm",0.29,"percent_dm",7.74396135,407.98850575,52.68472906,"GUIL"
2022-06-09,"oksrukuyik creek neon",68.669308,-149.144107,"Stream","Insecta","Animalia","Plecoptera","Nemouridae","Nemoura","larva","average of all individuals",53.8,"percent_dm",6.8,"percent_dm",0.405,"percent_dm",9.23039216,343.16872428,37.17813051,"OKSR"
2022-06-01,"sycamore creek neon",33.750886,-111.508124,"Stream","Insecta","Animalia","Diptera","Chironomidae",,"larva",,48.2,"percent_dm",9.3,"percent_dm",0.55,"percent_dm",6.04659498,226.39393939,37.44155844,"SYCA"
2022-05-19,"caribou creek neon",65.15308,-147.501997,"Stream","Insecta","Animalia","Diptera","Chironomidae",,"larva",,52,"percent_dm",10.5,"percent_dm",0.65,"percent_dm",5.77777778,206.66666667,35.76923077,"CARI"
2022-05-19,"caribou creek neon",65.15308,-147.501997,"Stream","Insecta","Animalia","Diptera","Simuliidae","Prosimulium","larva","average of all individuals",50,"percent_dm",9.8,"percent_dm",0.557,"percent_dm",5.95238095,231.89706762,38.95870736,"CARI"
2022-04-20,"red butte creek neon",40.784627,-111.796265,"Stream","Insecta","Animalia","Plecoptera","Taeniopterygidae","Taenionema","larva",,64.7,"percent_dm",3.8,"percent_dm",0.72,"percent_dm",19.86403509,232.1412037,11.68650794,"REDB"
2022-04-20,"red butte creek neon",40.784627,-111.796265,"Stream","Insecta","Animalia","Trichoptera","Hydropsychidae","Hydropsyche","larva",,52.9,"percent_dm",9.1,"percent_dm",,,6.78205128,,,"REDB"
2022-04-20,"red butte creek neon",40.784627,-111.796265,"Stream","Insecta","Animalia","Trichoptera","Brachycentridae","Micrasema","larva",,50.9,"percent_dm",7.3,"percent_dm",,,8.1347032,,,"REDB"
2022-04-20,"red butte creek neon",40.784627,-111.796265,"Stream","Insecta","Animalia","Coleoptera","Elmidae","Heterlimnius","larva",,50.8,"percent_dm",7,"percent_dm",,,8.46666667,,,"REDB"
2022-04-20,"red butte creek neon",40.784627,-111.796265,"Stream","Insecta","Animalia","Coleoptera","Elmidae","Cleptelmis","adult",,52.5,"percent_dm",9.6,"percent_dm",,,6.38020833,,,"REDB"
2022-04-20,"red butte creek neon",40.784627,-111.796265,"Stream","Insecta","Animalia","Diptera","Limoniidae","Antocha","larva",,47.2,"percent_dm",6.8,"percent_dm",,,8.09803922,,,"REDB"
2022-04-20,"red butte creek neon",40.784627,-111.796265,"Stream","Insecta","Animalia","Ephemeroptera","Baetidae","Baetis","larva","average of all individuals",52.1,"percent_dm",7.1,"percent_dm",0.53,"percent_dm",8.56103286,253.9465409,29.66307278,"REDB"
2022-04-20,"red butte creek neon",40.784627,-111.796265,"Stream","Insecta","Animalia","Diptera","Chironomidae",,"pupa",,58.7,"percent_dm",10.8,"percent_dm",,,6.34104938,,,"REDB"
2022-04-20,"red butte creek neon",40.784627,-111.796265,"Stream","Insecta","Animalia","Diptera","Chironomidae",,"larva","average of all individuals",47.1,"percent_dm",9.1,"percent_dm",0.49,"percent_dm",6.03846154,248.3163265,41.12244898,"REDB"
2022-04-20,"red butte creek neon",40.784627,-111.796265,"Stream","Insecta","Animalia","Plecoptera","Nemouridae","Zapada","larva",,57.5,"percent_dm",6.7,"percent_dm",,,10.01243781,,,"REDB"
2022-04-20,"red butte creek neon",40.784627,-111.796265,"Stream","Insecta","Animalia","Trichoptera","Uenoidae","Oligophlebodes","larva",,52.2,"percent_dm",4.9,"percent_dm",,,12.42857143,,,"REDB"
2022-04-20,"red butte creek neon",40.784627,-111.796265,"Stream","Insecta","Animalia","Coleoptera","Elmidae","Cleptelmis","larva",,49.7,"percent_dm",8.3,"percent_dm",,,6.98594377,,,"REDB"
2022-04-18,"martha creek neon",45.79233,-121.929416,"Stream","Insecta","Animalia","Trichoptera","Hydropsychidae","Hydropsyche","larva",,54.5,"percent_dm",9.4,"percent_dm",,,6.7641844,,,"MART"
2022-04-18,"martha creek neon",45.79233,-121.929416,"Stream","Insecta","Animalia","Ephemeroptera","Heptageniidae","Cinygmula","larva",,54,"percent_dm",4.6,"percent_dm",,,13.69565217,,,"MART"
2022-04-18,"martha creek neon",45.79233,-121.929416,"Stream","Insecta","Animalia","Plecoptera","Chloroperlidae","Plumiperla","larva",,52.9,"percent_dm",7.2,"percent_dm",,,8.57175926,,,"MART"
2022-04-18,"martha creek neon",45.79233,-121.929416,"Stream","Insecta","Animalia","Ephemeroptera","Ephemerellidae",,"larva",,49.8,"percent_dm",8.7,"percent_dm",,,6.67816092,,,"MART"
2022-04-18,"martha creek neon",45.79233,-121.929416,"Stream","Insecta","Animalia","Ephemeroptera","Baetidae","Baetis","larva",,53.5,"percent_dm",8,"percent_dm",,,7.80208333,,,"MART"
2022-04-18,"martha creek neon",45.79233,-121.929416,"Stream","Insecta","Animalia","Coleoptera","Elmidae","Heterlimnius","larva",,49,"percent_dm",9.6,"percent_dm",,,5.95486111,,,"MART"
2022-04-18,"martha creek neon",45.79233,-121.929416,"Stream","Insecta","Animalia","Coleoptera","Elmidae","Narpus","larva",,51.3,"percent_dm",9.3,"percent_dm",,,6.43548387,,,"MART"
2022-04-18,"martha creek neon",45.79233,-121.929416,"Stream","Insecta","Animalia","Ephemeroptera","Leptophlebiidae",,"larva",,42.1,"percent_dm",5.7,"percent_dm",,,8.61695906,,,"MART"
2022-04-18,"martha creek neon",45.79233,-121.929416,"Stream","Insecta","Animalia","Ephemeroptera","Heptageniidae","Epeorus","larva",,52.7,"percent_dm",6.8,"percent_dm",,,9.04166667,,,"MART"
2022-04-18,"upper big creek neon",37.061924,-119.258304,"Stream","Insecta","Animalia","Diptera","Limoniidae","Hexatoma","larva",,49.6,"percent_dm",12.1,"percent_dm",,,4.78236915,,,"BIGC"
2022-04-18,"upper big creek neon",37.061924,-119.258304,"Stream","Insecta","Animalia","Plecoptera","Perlidae","Calineuria","larva",,51.1,"percent_dm",11.2,"percent_dm",,,5.32291667,,,"BIGC"
2022-04-18,"upper big creek neon",37.061924,-119.258304,"Stream","Insecta","Animalia","Diptera","Chironomidae",,"larva",,50.1,"percent_dm",10.6,"percent_dm",,,5.51415094,,,"BIGC"
2022-04-18,"upper big creek neon",37.061924,-119.258304,"Stream","Insecta","Animalia","Diptera","Ceratopogonidae",,"larva",,53.1,"percent_dm",10.5,"percent_dm",,,5.9,,,"BIGC"
2022-04-18,"upper big creek neon",37.061924,-119.258304,"Stream","Insecta","Animalia","Trichoptera","Hydropsychidae","Hydropsyche","larva",,50.3,"percent_dm",9.8,"percent_dm",,,5.98809524,,,"BIGC"
2022-04-18,"upper big creek neon",37.061924,-119.258304,"Stream","Insecta","Animalia","Ephemeroptera","Ephemerellidae","Ephemerella","larva",,48.1,"percent_dm",6.8,"percent_dm",,,8.25245098,,,"BIGC"
2022-04-11,"lower hop brook neon",42.471373,-72.326803,"Stream","Insecta","Animalia","Trichoptera",,,"pupa",,50.8,"percent_dm",13.6,"percent_dm",,,4.35784314,,,"HOPB"
2022-04-11,"lower hop brook neon",42.471373,-72.326803,"Stream","Insecta","Animalia","Diptera","Limoniidae","Hexatoma","larva",,49,"percent_dm",12.2,"percent_dm",,,4.68579235,,,"HOPB"
2022-04-11,"lower hop brook neon",42.471373,-72.326803,"Stream","Insecta","Animalia","Plecoptera","Chloroperlidae","Alloperla","larva",,49.3,"percent_dm",10.5,"percent_dm",,,5.47777778,,,"HOPB"
2022-04-11,"lower hop brook neon",42.471373,-72.326803,"Stream","Insecta","Animalia","Plecoptera","Perlidae","Acroneuria","larva",,50.8,"percent_dm",10.6,"percent_dm",0.527,"percent_dm",5.59119497,249.01960784,44.53781513,"HOPB"
2022-04-11,"lower hop brook neon",42.471373,-72.326803,"Stream","Insecta","Animalia","Plecoptera","Perlidae","Agnetina","larva",,51.7,"percent_dm",10.3,"percent_dm",0.39,"percent_dm",5.85598706,342.45726496,58.47985348,"HOPB"
2022-04-11,"lower hop brook neon",42.471373,-72.326803,"Stream","Insecta","Animalia","Coleoptera","Elmidae","Oulimnius","larva",,49.6,"percent_dm",8.4,"percent_dm",,,6.88888889,,,"HOPB"
2022-04-11,"lower hop brook neon",42.471373,-72.326803,"Stream","Insecta","Animalia","Ephemeroptera","Baetidae","Acerpenna","larva",,50.7,"percent_dm",8.2,"percent_dm",,,7.21341463,,,"HOPB"
2022-04-11,"lower hop brook neon",42.471373,-72.326803,"Stream","Insecta","Animalia","Ephemeroptera","Heptageniidae","Epeorus","larva","average of all individuals",55.7,"percent_dm",8.9,"percent_dm",0.394,"percent_dm",7.30149813,365.2072758,50.01812908,"HOPB"
2022-04-11,"lower hop brook neon",42.471373,-72.326803,"Stream","Insecta","Animalia","Trichoptera","Hydropsychidae","Cheumatopsyche","larva",,49.8,"percent_dm",7,"percent_dm",0.26,"percent_dm",8.3,494.80769231,59.61538462,"HOPB"
2022-04-11,"lower hop brook neon",42.471373,-72.326803,"Stream","Insecta","Animalia","Ephemeroptera","Ephemerellidae","Ephemerella","larva",,47.7,"percent_dm",6.7,"percent_dm",0.26,"percent_dm",8.30597015,473.94230769,57.06043956,"HOPB"
2022-04-11,"lower hop brook neon",42.471373,-72.326803,"Stream","Insecta","Animalia","Trichoptera","Uenoidae","Neophylax","larva",,58.7,"percent_dm",4.8,"percent_dm",,,14.26736111,,,"HOPB"
2022-04-05,"sycamore creek neon",33.750886,-111.508124,"Stream","Insecta","Animalia","Diptera","Ceratopogonidae",,"larva",,52.4,"percent_dm",9.8,"percent_dm",,,6.23809524,,,"SYCA"
2022-03-29,"leconte creek neon",35.692201,-83.504427,"Stream","Insecta","Animalia","Plecoptera","Pteronarcyidae","Pteronarcys","larva",,51.6,"percent_dm",7.1,"percent_dm",1.26,"percent_dm",8.47887324,105.7936508,12.47732426,"LECO"
2022-03-29,"leconte creek neon",35.692201,-83.504427,"Stream","Insecta","Animalia","Plecoptera","Perlidae","Acroneuria","larva",,51.6,"percent_dm",6.8,"percent_dm",0.39,"percent_dm",8.85294118,341.7948718,38.60805861,"LECO"
2022-03-29,"leconte creek neon",35.692201,-83.504427,"Stream","Insecta","Animalia","Plecoptera","Perlodidae",,"larva",,52.6,"percent_dm",9.9,"percent_dm",,,6.1986532,,,"LECO"
2022-03-29,"leconte creek neon",35.692201,-83.504427,"Stream","Insecta","Animalia","Coleoptera","Elmidae","Oulimnius","larva",,54.9,"percent_dm",5.6,"percent_dm",,,11.4375,,,"LECO"
2022-03-29,"leconte creek neon",35.692201,-83.504427,"Stream","Insecta","Animalia","Coleoptera","Elmidae","Optioservus","larva",,46.3,"percent_dm",7.5,"percent_dm",,,7.20222222,,,"LECO"
2022-03-29,"leconte creek neon",35.692201,-83.504427,"Stream","Insecta","Animalia","Ephemeroptera","Heptageniidae","Maccaffertium","larva",,50.1,"percent_dm",6,"percent_dm",,,9.74166667,,,"LECO"
2022-03-29,"leconte creek neon",35.692201,-83.504427,"Stream","Insecta","Animalia","Ephemeroptera","Heptageniidae","Epeorus","larva","average of all individuals",52.9,"percent_dm",7.3,"percent_dm",0.22,"percent_dm",8.4543379,621.1742424,73.47402597,"LECO"
2022-03-29,"leconte creek neon",35.692201,-83.504427,"Stream","Insecta","Animalia","Coleoptera","Psephenidae","Ectopria","larva",,54.6,"percent_dm",6.4,"percent_dm",,,9.953125,,,"LECO"
2022-03-29,"leconte creek neon",35.692201,-83.504427,"Stream","Insecta","Animalia","Diptera","Chironomidae",,"larva",,51.1,"percent_dm",9.2,"percent_dm",0.32,"percent_dm",6.48007246,412.5260417,63.66071429,"LECO"
2022-03-29,"leconte creek neon",35.692201,-83.504427,"Stream","Insecta","Animalia","Ephemeroptera","Heptageniidae","Cinygmula","larva",,56.8,"percent_dm",3.7,"percent_dm",,,17.90990991,,,"LECO"
2022-03-29,"leconte creek neon",35.692201,-83.504427,"Stream","Insecta","Animalia","Diptera","Chironomidae",,"pupa",,56.3,"percent_dm",9.1,"percent_dm",,,7.21794872,,,"LECO"
2022-03-29,"leconte creek neon",35.692201,-83.504427,"Stream","Insecta","Animalia","Ephemeroptera","Ephemerellidae","Ephemerella","larva",,50.8,"percent_dm",5.3,"percent_dm",,,11.18238994,,,"LECO"
2022-03-29,"leconte creek neon",35.692201,-83.504427,"Stream","Insecta","Animalia","Ephemeroptera","Baetidae","Acentrella","larva",,57,"percent_dm",7.8,"percent_dm",,,8.52564103,,,"LECO"
2022-03-29,"leconte creek neon",35.692201,-83.504427,"Stream","Insecta","Animalia","Diptera","Chironomidae",,"larva",,52.2,"percent_dm",10.2,"percent_dm",,,5.97058824,,,"LECO"
2022-03-29,"leconte creek neon",35.692201,-83.504427,"Stream","Insecta","Animalia","Diptera","Chironomidae",,"larva",,49.3,"percent_dm",10.1,"percent_dm",,,5.69471947,,,"LECO"
2022-03-29,"leconte creek neon",35.692201,-83.504427,"Stream","Insecta","Animalia","Trichoptera","Hydropsychidae","Cheumatopsyche","larva",,54.7,"percent_dm",8.9,"percent_dm",,,7.17041199,,,"LECO"
2022-03-28,"mcdiffett creek neon",38.946553,-96.442948,"Stream","Insecta","Animalia","Diptera","Limoniidae","Hexatoma","larva",,44.5,"percent_dm",10.5,"percent_dm",,,4.94444444,,,"MCDI"
2022-03-28,"mcdiffett creek neon",38.946553,-96.442948,"Stream","Insecta","Animalia","Plecoptera","Perlidae","Perlesta","larva",,42.7,"percent_dm",5.9,"percent_dm",,,8.44350282,,,"MCDI"
2022-03-28,"mcdiffett creek neon",38.946553,-96.442948,"Stream","Insecta","Animalia","Ephemeroptera","Caenidae","Caenis","larva",,43.1,"percent_dm",8.6,"percent_dm",,,5.84689922,,,"MCDI"
2022-03-28,"mcdiffett creek neon",38.946553,-96.442948,"Stream","Insecta","Animalia","Diptera","Chironomidae",,"larva",,46.1,"percent_dm",7.8,"percent_dm",,,6.89529915,,,"MCDI"
2022-03-28,"mcdiffett creek neon",38.946553,-96.442948,"Stream","Insecta","Animalia","Coleoptera","Hydrophilidae","Berosus","larva",,46.2,"percent_dm",9.6,"percent_dm",,,5.61458333,,,"MCDI"
2022-03-28,"mcdiffett creek neon",38.946553,-96.442948,"Stream","Insecta","Animalia","Trichoptera","Hydropsychidae","Cheumatopsyche","larva",,49.9,"percent_dm",11.1,"percent_dm",,,5.24474475,,,"MCDI"
2022-03-21,"posey creek neon",38.89431,-78.147258,"Stream","Insecta","Animalia","Plecoptera","Perlidae","Acroneuria","larva",,51.6,"percent_dm",11.6,"percent_dm",0.28,"percent_dm",5.18965517,476.07142857,91.73469388,"POSE"
2022-03-21,"posey creek neon",38.89431,-78.147258,"Stream","Insecta","Animalia","Plecoptera","Perlodidae","Isoperla","larva",,45.8,"percent_dm",9.1,"percent_dm",,,5.87179487,,,"POSE"
2022-03-21,"posey creek neon",38.89431,-78.147258,"Stream","Insecta","Animalia","Ephemeroptera","Heptageniidae","Maccaffertium","larva",,51.8,"percent_dm",9.9,"percent_dm",0.31,"percent_dm",6.1043771,431.66666667,70.71428571,"POSE"
2022-03-21,"posey creek neon",38.89431,-78.147258,"Stream","Insecta","Animalia","Trichoptera","Hydropsychidae","Cheumatopsyche","larva",,56.2,"percent_dm",9.3,"percent_dm",,,7.05017921,,,"POSE"
2022-03-21,"posey creek neon",38.89431,-78.147258,"Stream","Insecta","Animalia","Trichoptera","Hydropsychidae","Diplectrona","larva",,49.9,"percent_dm",7.1,"percent_dm",,,8.19953052,,,"POSE"
2022-03-21,"posey creek neon",38.89431,-78.147258,"Stream","Insecta","Animalia","Coleoptera","Elmidae","Optioservus","larva","average of all individuals",51.7,"percent_dm",7.3,"percent_dm",0.15,"percent_dm",8.26255708,890.38888889,107.76190476,"POSE"
2022-03-21,"posey creek neon",38.89431,-78.147258,"Stream","Insecta","Animalia","Ephemeroptera","Leptophlebiidae","Neoleptophlebia","larva",,53.4,"percent_dm",6.1,"percent_dm",,,10.21311475,,,"POSE"
2022-03-15,"mayfield creek neon",32.961588,-87.408223,"Stream","Insecta","Animalia","Diptera","Chironomidae",,"larva",,45.1,"percent_dm",8.7,"percent_dm",0.34,"percent_dm",6.04789272,342.67156863,56.65966387,"MAYF"
2022-03-15,"walker branch neon",35.956053,-84.278692,"Stream","Insecta","Animalia","Coleoptera","Psephenidae","Psephenus","larva","average of all individuals",44.3,"percent_dm",10.1,"percent_dm",0.342,"percent_dm",5.11716172,334.62475634,65.39264829,"WALK"
2022-03-15,"walker branch neon",35.956053,-84.278692,"Stream","Insecta","Animalia","Coleoptera","Elmidae","Oulimnius","adult","average of all individuals",50.8,"percent_dm",9.8,"percent_dm",0.135,"percent_dm",6.04761905,972.09876543,160.74074074,"WALK"
2022-03-15,"walker branch neon",35.956053,-84.278692,"Stream","Insecta","Animalia","Plecoptera","Peltoperlidae","Tallaperla","larva",,48.6,"percent_dm",8.4,"percent_dm",0.6,"percent_dm",6.75,209.25,31,"WALK"
2022-03-15,"walker branch neon",35.956053,-84.278692,"Stream","Insecta","Animalia","Trichoptera","Hydropsychidae","Diplectrona","larva","average of all individuals",45.5,"percent_dm",6.8,"percent_dm",1.133,"percent_dm",7.80637255,103.74374816,13.289623,"WALK"
2022-03-15,"walker branch neon",35.956053,-84.278692,"Stream","Insecta","Animalia","Trichoptera","Glossosomatidae","Agapetus","larva",,56.5,"percent_dm",8,"percent_dm",,,8.23958333,,,"WALK"
2022-02-01,"rio yahuecas neon",18.174359,-66.800063,"Stream","Insecta","Animalia","Coleoptera","Elmidae","Neoelmis","adult",,49.3,"percent_dm",10.2,"percent_dm",,,5.63888889,,,"GUIL"
2022-02-01,"rio yahuecas neon",18.174359,-66.800063,"Stream","Insecta","Animalia","Coleoptera","Elmidae","Hexacylloepus","larva",,49.3,"percent_dm",10.4,"percent_dm",,,5.53044872,,,"GUIL"
2022-02-01,"rio yahuecas neon",18.174359,-66.800063,"Stream","Insecta","Animalia","Hemiptera","Veliidae","Rhagovelia",,,56.3,"percent_dm",9.3,"percent_dm",,,7.06272401,,,"GUIL"
2022-02-01,"rio yahuecas neon",18.174359,-66.800063,"Stream","Insecta","Animalia","Lepidoptera","Crambidae","Petrophila","larva",,49.3,"percent_dm",12.2,"percent_dm",,,4.71448087,,,"GUIL"
2022-02-01,"rio yahuecas neon",18.174359,-66.800063,"Stream","Insecta","Animalia","Coleoptera","Staphylinidae",,"adult",,55.6,"percent_dm",9.7,"percent_dm",,,6.68728522,,,"GUIL"
2022-02-01,"rio yahuecas neon",18.174359,-66.800063,"Stream","Insecta","Animalia","Trichoptera","Hydrobiosidae","Atopsyche","larva",,51,"percent_dm",11,"percent_dm",,,5.40909091,,,"GUIL"
2022-02-01,"rio yahuecas neon",18.174359,-66.800063,"Stream","Insecta","Animalia","Coleoptera","Elmidae","Phanocerus","adult",,50.9,"percent_dm",10.2,"percent_dm",,,5.82189543,,,"GUIL"
2022-02-01,"rio yahuecas neon",18.174359,-66.800063,"Stream","Insecta","Animalia","Coleoptera","Elmidae","Hexacylloepus","adult",,50.1,"percent_dm",11.6,"percent_dm",,,5.0387931,,,"GUIL"
2022-02-01,"rio yahuecas neon",18.174359,-66.800063,"Stream","Insecta","Animalia","Diptera","Blephariceridae","Paltostoma","larva",,45.6,"percent_dm",10.4,"percent_dm",,,5.11538461,,,"GUIL"
2022-02-01,"rio yahuecas neon",18.174359,-66.800063,"Stream","Insecta","Animalia","Diptera","Simuliidae","Simulium","larva",,44.8,"percent_dm",9.9,"percent_dm",,,5.27946128,,,"GUIL"
2022-02-01,"rio yahuecas neon",18.174359,-66.800063,"Stream","Insecta","Animalia","Ephemeroptera","Leptophlebiidae","Neohagenulus","larva",,44.6,"percent_dm",9.7,"percent_dm",,,5.36426117,,,"GUIL"
2022-01-26,"rio cupeyes neon",18.110265,-66.986411,"Stream","Insecta","Animalia","Coleoptera","Elmidae","Neoelmis","adult",,49.3,"percent_dm",10.7,"percent_dm",,,5.37538941,,,"CUPE"
2022-01-26,"rio cupeyes neon",18.110265,-66.986411,"Stream","Insecta","Animalia","Coleoptera","Elmidae","Neoelmis","larva",,52.6,"percent_dm",8.6,"percent_dm",,,7.13565891,,,"CUPE"
2022-01-26,"rio cupeyes neon",18.110265,-66.986411,"Stream","Insecta","Animalia","Coleoptera","Elmidae","Hexacylloepus","adult",,50.5,"percent_dm",10.8,"percent_dm",,,5.45524691,,,"CUPE"
2022-01-26,"rio cupeyes neon",18.110265,-66.986411,"Stream","Insecta","Animalia","Ephemeroptera","Leptophlebiidae","Neohagenulus","larva",,46.4,"percent_dm",5.8,"percent_dm",,,9.33333333,,,"CUPE"
2022-01-26,"rio cupeyes neon",18.110265,-66.986411,"Stream","Insecta","Animalia","Lepidoptera","Crambidae","Petrophila","larva",,44.7,"percent_dm",11.6,"percent_dm",,,4.49568965,,,"CUPE"
2021-11-23,"rio yahuecas neon",18.174359,-66.800063,"Stream","Insecta","Animalia","Lepidoptera","Crambidae","Petrophila","larva","average of all individuals",41.7,"percent_dm",10.8,"percent_dm",0.864,"percent_dm",4.50462963,124.68171296,27.67857143,"GUIL"
2021-11-23,"rio yahuecas neon",18.174359,-66.800063,"Stream","Insecta","Animalia","Trichoptera","Hydrobiosidae","Atopsyche","larva","average of all individuals",50.1,"percent_dm",11.8,"percent_dm",0.47,"percent_dm",4.95338983,275.37234043,55.59270517,"GUIL"
2021-11-23,"rio yahuecas neon",18.174359,-66.800063,"Stream","Insecta","Animalia","Diptera","Simuliidae","Simulium","larva","average of all individuals",39.7,"percent_dm",8.9,"percent_dm",0.91,"percent_dm",5.20411985,112.7014652,21.65620094,"GUIL"
2021-11-23,"rio yahuecas neon",18.174359,-66.800063,"Stream","Insecta","Animalia","Coleoptera","Elmidae","Hexacylloepus","adult","average of all individuals",49,"percent_dm",10.5,"percent_dm",0.483,"percent_dm",5.44444444,262.07729469,48.13664596,"GUIL"
2021-11-23,"rio yahuecas neon",18.174359,-66.800063,"Stream","Insecta","Animalia","Coleoptera","Elmidae","Phanocerus","adult",,47.6,"percent_dm",10.2,"percent_dm",0.37,"percent_dm",5.44444444,332.34234234,61.04247104,"GUIL"
2021-11-23,"rio yahuecas neon",18.174359,-66.800063,"Stream","Insecta","Animalia","Coleoptera","Elmidae","Neoelmis","adult",,49.2,"percent_dm",10.1,"percent_dm",0.467,"percent_dm",5.68316832,272.1627409,47.88926277,"GUIL"
2021-11-23,"rio yahuecas neon",18.174359,-66.800063,"Stream","Insecta","Animalia","Coleoptera","Elmidae","Hexacylloepus","larva",,51.1,"percent_dm",8.9,"percent_dm",0.29,"percent_dm",6.69850187,455.20114943,67.95566502,"GUIL"
2021-11-23,"rio yahuecas neon",18.174359,-66.800063,"Stream","Insecta","Animalia","Diptera","Blephariceridae","Paltostoma","larva","average of all individuals",54.1,"percent_dm",8.9,"percent_dm",0.48,"percent_dm",7.0917603,291.16319444,41.05654762,"GUIL"
2021-11-22,"rio cupeyes neon",18.110265,-66.986411,"Stream","Insecta","Animalia","Coleoptera","Elmidae","Hexacylloepus","adult",,51.7,"percent_dm",11.3,"percent_dm",,,5.33775811,,,"CUPE"
2021-11-22,"rio cupeyes neon",18.110265,-66.986411,"Stream","Insecta","Animalia","Coleoptera","Elmidae","Hexacylloepus","larva",,53.3,"percent_dm",9,"percent_dm",,,6.90925926,,,"CUPE"
2021-11-22,"rio cupeyes neon",18.110265,-66.986411,"Stream","Insecta","Animalia","Ephemeroptera","Leptophlebiidae","Neohagenulus","larva","average of all individuals",48.8,"percent_dm",7.1,"percent_dm",0.47,"percent_dm",8.01877934,268.22695035,33.44984802,"CUPE"
2021-11-16,"upper big creek neon",37.061924,-119.258304,"Stream","Insecta","Animalia","Diptera","Chironomidae",,"larva",,50.8,"percent_dm",11.7,"percent_dm",1.1,"percent_dm",5.06552707,119.3030303,23.55194805,"BIGC"
2021-11-16,"upper big creek neon",37.061924,-119.258304,"Stream","Insecta","Animalia","Plecoptera","Chloroperlidae","Sweltsa","larva","average of all individuals",49,"percent_dm",10,"percent_dm",0.48,"percent_dm",5.71666667,263.71527778,46.13095238,"BIGC"
2021-11-16,"upper big creek neon",37.061924,-119.258304,"Stream","Insecta","Animalia","Coleoptera","Elmidae","Optioservus","adult","average of all individuals",51.2,"percent_dm",8.1,"percent_dm",0.23,"percent_dm",7.3744856,575.07246377,77.98136646,"BIGC"
2021-11-16,"upper big creek neon",37.061924,-119.258304,"Stream","Insecta","Animalia","Ephemeroptera","Ephemerellidae","Ephemerella","larva","average of all individuals",49.3,"percent_dm",7.5,"percent_dm",0.79,"percent_dm",7.66888889,161.21308017,21.02169982,"BIGC"
2021-11-16,"upper big creek neon",37.061924,-119.258304,"Stream","Insecta","Animalia","Coleoptera","Elmidae","Cleptelmis","larva","average of all individuals",51.5,"percent_dm",7.5,"percent_dm",0.22,"percent_dm",8.01111111,604.73484848,75.48701299,"BIGC"
2021-11-15,"lower tombigbee river neon",31.85382,-88.1573,"River","Insecta","Animalia","Diptera","Chironomidae",,"larva","average of all individuals",40.92,"percent_dm",7.73,"percent_dm",0.59,"percent_dm",6.1759379,179.16949153,29.01089588,"TOMB"
2021-10-26,"walker branch neon",35.956053,-84.278692,"Stream","Insecta","Animalia","Plecoptera","Perlodidae","Isoperla","larva",,50.4,"percent_dm",10.5,"percent_dm",,,5.6,,,"WALK"
2021-10-26,"walker branch neon",35.956053,-84.278692,"Stream","Insecta","Animalia","Coleoptera","Psephenidae","Psephenus","larva",,46.8,"percent_dm",9.6,"percent_dm",,,5.6875,,,"WALK"
2021-10-20,"red butte creek neon",40.784627,-111.796265,"Stream","Insecta","Animalia","Plecoptera","Chloroperlidae","Sweltsa","larva","average of all individuals",48.6,"percent_dm",11.7,"percent_dm",0.27,"percent_dm",4.84615385,465,95.95238095,"REDB"
2021-10-20,"red butte creek neon",40.784627,-111.796265,"Stream","Insecta","Animalia","Diptera","Psychodidae",,"larva",,29.3,"percent_dm",6.1,"percent_dm",,,5.60382514,,,"REDB"
2021-10-20,"red butte creek neon",40.784627,-111.796265,"Stream","Insecta","Animalia","Coleoptera","Elmidae","Heterlimnius","larva","average of all individuals",49.4,"percent_dm",9.3,"percent_dm",0.313,"percent_dm",6.19713262,407.72097977,65.79187586,"REDB"
2021-10-20,"red butte creek neon",40.784627,-111.796265,"Stream","Insecta","Animalia","Coleoptera","Elmidae","Narpus","larva","average of all individuals",51.9,"percent_dm",9.4,"percent_dm",0.385,"percent_dm",6.44148936,348.24675325,54.06307978,"REDB"
2021-10-20,"red butte creek neon",40.784627,-111.796265,"Stream","Insecta","Animalia","Ephemeroptera","Baetidae","Baetis","larva",,57.1,"percent_dm",6.4,"percent_dm",,,10.40885417,,,"REDB"
2021-10-20,"red butte creek neon",40.784627,-111.796265,"Stream","Insecta","Animalia","Ephemeroptera","Leptophlebiidae",,"larva",,48.6,"percent_dm",5.2,"percent_dm",0.42,"percent_dm",10.90384615,298.92857143,27.41496599,"REDB"
2021-10-18,"posey creek neon",38.89431,-78.147258,"Stream","Insecta","Animalia","Diptera","Tipulidae","Tipula","larva",,40.32,"percent_dm",10.17,"percent_dm",0.48,"percent_dm",4.62536873,217,46.91517857,"POSE"
2021-10-18,"posey creek neon",38.89431,-78.147258,"Stream","Insecta","Animalia","Coleoptera","Psephenidae","Ectopria","larva",,41.7,"percent_dm",10.1,"percent_dm",0.5,"percent_dm",4.81683168,215.45,44.72857143,"POSE"
2021-10-18,"posey creek neon",38.89431,-78.147258,"Stream","Insecta","Animalia","Ephemeroptera","Isonychiidae","Isonychia","larva","average of all individuals",37.04,"percent_dm",6.58,"percent_dm",0.54,"percent_dm",6.56737589,177.19753086,26.98148148,"POSE"
2021-10-18,"leconte creek neon",35.692201,-83.504427,"Stream","Insecta","Animalia","Diptera","Athericidae","Atherix","larva",,47.4,"percent_dm",11.6,"percent_dm",,,4.76724138,,,"LECO"
2021-10-18,"leconte creek neon",35.692201,-83.504427,"Stream","Insecta","Animalia","Coleoptera","Elmidae","Oulimnius","larva",,45.2,"percent_dm",10.2,"percent_dm",,,5.16993464,,,"LECO"
2021-10-18,"leconte creek neon",35.692201,-83.504427,"Stream","Insecta","Animalia","Ephemeroptera","Heptageniidae","Leucrocuta","larva",,42.6,"percent_dm",9.4,"percent_dm",0.32,"percent_dm",5.28723404,343.90625,65.04464286,"LECO"
2021-10-18,"leconte creek neon",35.692201,-83.504427,"Stream","Insecta","Animalia","Coleoptera","Elmidae","Oulimnius","adult",,45.52,"percent_dm",9.59,"percent_dm",,,5.5377129,,,"LECO"
2021-10-18,"leconte creek neon",35.692201,-83.504427,"Stream","Insecta","Animalia","Diptera","Chironomidae",,"larva",,43.9,"percent_dm",8.8,"percent_dm",,,5.82007576,,,"LECO"
2021-10-18,"leconte creek neon",35.692201,-83.504427,"Stream","Insecta","Animalia","Plecoptera","Perlodidae","Isoperla","larva",,46.4,"percent_dm",9.3,"percent_dm",0.25,"percent_dm",5.82078853,479.46666667,82.37142857,"LECO"
2021-10-18,"leconte creek neon",35.692201,-83.504427,"Stream","Insecta","Animalia","Plecoptera","Chloroperlidae","Sweltsa","larva","average of all individuals",46.6,"percent_dm",8.8,"percent_dm",0.24,"percent_dm",6.1780303,501.59722222,81.19047619,"LECO"
2021-10-14,"blue river neon",34.448448,-96.622796,"River","Insecta","Animalia","Coleoptera","Elmidae","Microcylloepus","larva",,41.92,"percent_dm",8.29,"percent_dm",,,5.89947728,,,"BLUE"
2021-10-14,"blue river neon",34.448448,-96.622796,"River","Insecta","Animalia","Lepidoptera","Crambidae","Petrophila","larva",,24.5,"percent_dm",4.2,"percent_dm",,,6.80555556,,,"BLUE"
2021-10-11,"lower hop brook neon",42.471373,-72.326803,"Stream","Insecta","Animalia","Ephemeroptera","Ephemerellidae","Ephemerella","larva",,48.3,"percent_dm",10.3,"percent_dm",,,5.47087379,,,"HOPB"
2021-10-11,"lower hop brook neon",42.471373,-72.326803,"Stream","Insecta","Animalia","Trichoptera","Glossosomatidae","Glossosoma","larva",,43.5,"percent_dm",6.7,"percent_dm",,,7.57462687,,,"HOPB"
2021-10-07,"kings creek neon",39.105069,-96.603387,"Stream","Insecta","Animalia","Hemiptera","Veliidae",,,,48.97,"percent_dm",10.62,"percent_dm",,,5.37962963,,,"KING"
2021-10-07,"kings creek neon",39.105069,-96.603387,"Stream","Insecta","Animalia","Ephemeroptera","Heptageniidae","Stenonema","larva",,51.42,"percent_dm",4.43,"percent_dm",0.24,"percent_dm",13.54176072,553.47916667,40.87202381,"KING"
2021-09-27,"martha creek neon",45.79233,-121.929416,"Stream","Insecta","Animalia","Plecoptera","Perlodidae","Isoperla","larva",,48.6,"percent_dm",11.2,"percent_dm",,,5.0625,,,"MART"
2021-09-27,"martha creek neon",45.79233,-121.929416,"Stream","Insecta","Animalia","Coleoptera","Elmidae","Heterlimnius","larva",,50.6,"percent_dm",11.2,"percent_dm",0.38,"percent_dm",5.27083333,343.99122807,65.26315789,"MART"
2021-09-27,"martha creek neon",45.79233,-121.929416,"Stream","Insecta","Animalia","Diptera","Ceratopogonidae",,"larva",,53,"percent_dm",10.6,"percent_dm",,,5.83333333,,,"MART"
2021-09-27,"martha creek neon",45.79233,-121.929416,"Stream","Insecta","Animalia","Diptera","Pediciidae","Dicranota","larva",,47.9,"percent_dm",9.2,"percent_dm",,,6.07427536,,,"MART"
2021-09-27,"martha creek neon",45.79233,-121.929416,"Stream","Insecta","Animalia","Ephemeroptera","Heptageniidae","Rhithrogena","larva","average of all individuals",45,"percent_dm",5.6,"percent_dm",0.27,"percent_dm",9.375,430.55555556,45.92592593,"MART"
2021-09-27,"martha creek neon",45.79233,-121.929416,"Stream","Insecta","Animalia","Plecoptera","Chloroperlidae","Kathroperla","larva",,57.4,"percent_dm",6.8,"percent_dm",,,9.84803922,,,"MART"
2021-09-20,"west st louis creek neon",39.891161,-105.914011,"Stream","Insecta","Animalia","Diptera","Chironomidae",,"larva",,47.8,"percent_dm",9.4,"percent_dm",0.59,"percent_dm",5.93262411,209.29378531,35.27845036,"WLOU"
2021-09-20,"west st louis creek neon",39.891161,-105.914011,"Stream","Insecta","Animalia","Coleoptera","Elmidae","Heterlimnius","adult","average of all individuals",50,"percent_dm",9.1,"percent_dm",0.12,"percent_dm",6.41025641,1076.38888889,167.91666667,"WLOU"
2021-09-20,"west st louis creek neon",39.891161,-105.914011,"Stream","Insecta","Animalia","Trichoptera","Rhyacophilidae","Rhyacophila","larva",,46.3,"percent_dm",8.3,"percent_dm",,,6.50803213,,,"WLOU"
2021-09-20,"west st louis creek neon",39.891161,-105.914011,"Stream","Insecta","Animalia","Plecoptera","Chloroperlidae","Sweltsa","larva",,54.1,"percent_dm",6.9,"percent_dm",,,9.147343,,,"WLOU"
2021-09-15,"teakettle creek - watershed 2 neon",36.955312,-119.023204,"Stream","Insecta","Animalia","Megaloptera","Sialidae","Sialis","larva",,56.6,"percent_dm",13.7,"percent_dm",,,4.81995134,,,"TECR"
2021-09-15,"teakettle creek - watershed 2 neon",36.955312,-119.023204,"Stream","Insecta","Animalia","Ephemeroptera","Baetidae","Baetis","larva",,49.3,"percent_dm",10.8,"percent_dm",0.66,"percent_dm",5.32561728,192.96717172,36.23376623,"TECR"
2021-09-15,"teakettle creek - watershed 2 neon",36.955312,-119.023204,"Stream","Insecta","Animalia","Coleoptera","Elmidae","Cleptelmis","larva","average of all individuals",48.6,"percent_dm",10.5,"percent_dm",0.45,"percent_dm",5.4,279,51.66666667,"TECR"
2021-09-15,"teakettle creek - watershed 2 neon",36.955312,-119.023204,"Stream","Insecta","Animalia","Coleoptera","Elmidae","Cleptelmis","adult",,48,"percent_dm",9.9,"percent_dm",,,5.65656566,,,"TECR"
2021-09-15,"teakettle creek - watershed 2 neon",36.955312,-119.023204,"Stream","Insecta","Animalia","Trichoptera","Calamoceratidae","Heteroplectron","larva",,50.5,"percent_dm",10.2,"percent_dm",,,5.77614379,,,"TECR"
2021-09-15,"teakettle creek - watershed 2 neon",36.955312,-119.023204,"Stream","Insecta","Animalia","Coleoptera","Elmidae",,"larva",,50.8,"percent_dm",10.1,"percent_dm",,,5.8679868,,,"TECR"
2021-09-15,"teakettle creek - watershed 2 neon",36.955312,-119.023204,"Stream","Insecta","Animalia","Trichoptera","Apataniidae","Apatania","larva",,51.7,"percent_dm",9.8,"percent_dm",0.54,"percent_dm",6.1547619,247.33024691,40.18518519,"TECR"
2021-09-15,"teakettle creek - watershed 2 neon",36.955312,-119.023204,"Stream","Insecta","Animalia","Ephemeroptera","Heptageniidae","Cinygma","larva",,53.4,"percent_dm",9.7,"percent_dm",,,6.42268041,,,"TECR"
2021-09-15,"teakettle creek - watershed 2 neon",36.955312,-119.023204,"Stream","Insecta","Animalia","Diptera",,,"larva",,54.3,"percent_dm",9.3,"percent_dm",,,6.81182796,,,"TECR"
2021-09-15,"teakettle creek - watershed 2 neon",36.955312,-119.023204,"Stream","Insecta","Animalia","Ephemeroptera","Leptophlebiidae","Neoleptophlebia","larva",,46.8,"percent_dm",7.4,"percent_dm",,,7.37837838,,,"TECR"
2021-09-07,"blacktail deer creek neon",44.953606,-110.589396,"Stream","Insecta","Animalia","Trichoptera","Rhyacophilidae","Rhyacophila","larva",,50,"percent_dm",9.3,"percent_dm",,,6.27240143,,,"BLDE"
2021-08-30,"como creek neon",40.033463,-105.541431,"Stream","Insecta","Animalia","Coleoptera","Elmidae","Heterlimnius","adult",,48.2,"percent_dm",11,"percent_dm",,,5.11212121,,,"COMO"
2021-08-30,"como creek neon",40.033463,-105.541431,"Stream","Insecta","Animalia","Plecoptera","Perlodidae",,"larva",,50.6,"percent_dm",9.4,"percent_dm",,,6.28014184,,,"COMO"
2021-08-30,"como creek neon",40.033463,-105.541431,"Stream","Insecta","Animalia","Coleoptera","Elmidae","Heterlimnius","larva",,46.1,"percent_dm",8.5,"percent_dm",,,6.32745098,,,"COMO"
2021-08-30,"como creek neon",40.033463,-105.541431,"Stream","Insecta","Animalia","Plecoptera","Chloroperlidae","Sweltsa","larva",,44.7,"percent_dm",8.2,"percent_dm",0.25,"percent_dm",6.3597561,461.9,72.62857143,"COMO"
2021-08-30,"como creek neon",40.033463,-105.541431,"Stream","Insecta","Animalia","Ephemeroptera","Baetidae","Baetis","larva",,41.718,"percent_dm",7.226,"percent_dm",,,6.73553833,,,"COMO"
2021-08-30,"como creek neon",40.033463,-105.541431,"Stream","Insecta","Animalia","Diptera","Empididae",,"larva",,55.5,"percent_dm",9.5,"percent_dm",,,6.81578947,,,"COMO"
2021-08-26,"caribou creek neon",65.15308,-147.501997,"Stream","Insecta","Animalia","Trichoptera","Rhyacophilidae","Rhyacophila","larva",,46.4,"percent_dm",11.5,"percent_dm",,,4.70724638,,,"CARI"
2021-08-16,"west st louis creek neon",39.891161,-105.914011,"Stream","Insecta","Animalia","Diptera","Chironomidae",,"larva",,50.7,"percent_dm",11.1,"percent_dm",,,5.32882883,,,"WLOU"
2021-08-16,"west st louis creek neon",39.891161,-105.914011,"Stream","Insecta","Animalia","Plecoptera","Perlodidae",,"larva",,53,"percent_dm",10.9,"percent_dm",,,5.67278287,,,"WLOU"
2021-08-16,"west st louis creek neon",39.891161,-105.914011,"Stream","Insecta","Animalia","Plecoptera","Nemouridae","Zapada","larva","average of all individuals",51.6,"percent_dm",6.4,"percent_dm",0.51,"percent_dm",9.40625,261.37254902,27.78711485,"WLOU"
2021-08-05,"como creek neon",40.033463,-105.541431,"Stream","Insecta","Animalia","Ephemeroptera","Ephemerellidae","Drunella","larva","average of all individuals",48.5,"percent_dm",11.15,"percent_dm",0.295,"percent_dm",5.07473842,424.71751412,83.69249395,"COMO"
2021-08-05,"como creek neon",40.033463,-105.541431,"Stream","Insecta","Animalia","Trichoptera","Rhyacophilidae","Rhyacophila","larva","average of all individuals",49.7,"percent_dm",10.6,"percent_dm",0.43,"percent_dm",5.47012579,298.58527132,54.58471761,"COMO"
2021-08-05,"como creek neon",40.033463,-105.541431,"Stream","Insecta","Animalia","Ephemeroptera","Baetidae","Baetis","larva",,51.6,"percent_dm",10,"percent_dm",,,6.02,,,"COMO"
2021-08-02,"mayfield creek neon",32.961588,-87.408223,"Stream","Insecta","Animalia","Trichoptera","Hydropsychidae","Hydropsyche","larva","average of all individuals",48,"percent_dm",10.6,"percent_dm",0.24,"percent_dm",5.28301887,516.66666667,97.79761905,"MAYF"
2021-08-02,"mayfield creek neon",32.961588,-87.408223,"Stream","Insecta","Animalia","Plecoptera","Leuctridae","Leuctra","larva",,49.4,"percent_dm",10.9,"percent_dm",0.33,"percent_dm",5.28746177,386.71717172,73.13852814,"MAYF"
2021-08-02,"mayfield creek neon",32.961588,-87.408223,"Stream","Insecta","Animalia","Coleoptera","Elmidae","Stenelmis","adult","average of all individuals",50.9,"percent_dm",10.7,"percent_dm",0.213,"percent_dm",5.54984424,617.33176839,111.23407109,"MAYF"
2021-07-28,"martha creek neon",45.79233,-121.929416,"Stream","Insecta","Animalia","Diptera","Limoniidae","Hexatoma","larva",,55.1,"percent_dm",6.6,"percent_dm",,,9.73989899,,,"MART"
2021-07-28,"lower hop brook neon",42.471373,-72.326803,"Stream","Insecta","Animalia","Diptera","Limoniidae","Hexatoma","larva",,45.2,"percent_dm",11.7,"percent_dm",,,4.50712251,,,"HOPB"
2021-07-28,"lower hop brook neon",42.471373,-72.326803,"Stream","Insecta","Animalia","Plecoptera","Perlidae","Agnetina","larva",,48.7,"percent_dm",12.4,"percent_dm",0.29,"percent_dm",4.58198925,433.82183908,94.67980296,"HOPB"
2021-07-28,"lower hop brook neon",42.471373,-72.326803,"Stream","Insecta","Animalia","Coleoptera","Elmidae","Oulimnius","adult",,48.5,"percent_dm",9.7,"percent_dm",,,5.83333333,,,"HOPB"
2021-07-28,"lower hop brook neon",42.471373,-72.326803,"Stream","Insecta","Animalia","Trichoptera","Hydropsychidae","Cheumatopsyche","larva",,46.3,"percent_dm",8.8,"percent_dm",,,6.13825758,,,"HOPB"
2021-07-27,"mcrae creek neon",44.258957,-122.165861,"Stream","Insecta","Animalia","Coleoptera","Elmidae","Narpus","adult",,52.6,"percent_dm",10.4,"percent_dm",,,5.90064103,,,"MCRA"
2021-07-27,"lewis run neon",39.094218,-77.981434,"Stream","Insecta","Animalia","Diptera","Chironomidae","Polypedilum","larva","average of all individuals",49.6,"percent_dm",10.6,"percent_dm",0.74,"percent_dm",5.4591195,173.15315315,31.71814672,"LEWI"
2021-07-26,"blacktail deer creek neon",44.953606,-110.589396,"Stream","Insecta","Animalia","Coleoptera","Elmidae","Heterlimnius","larva","average of all individuals",49.6,"percent_dm",10.6,"percent_dm",0.37,"percent_dm",5.4591195,346.30630631,63.43629344,"BLDE"
2021-07-26,"blacktail deer creek neon",44.953606,-110.589396,"Stream","Insecta","Animalia","Plecoptera","Perlodidae","Megarcys","larva",,47.7,"percent_dm",10.1,"percent_dm",,,5.50990099,,,"BLDE"
2021-07-26,"blacktail deer creek neon",44.953606,-110.589396,"Stream","Insecta","Animalia","Trichoptera","Rhyacophilidae","Rhyacophila","larva","average of all individuals",52.4,"percent_dm",9.5,"percent_dm",0.29,"percent_dm",6.43508772,466.7816092,72.53694581,"BLDE"
2021-07-26,"blacktail deer creek neon",44.953606,-110.589396,"Stream","Insecta","Animalia","Ephemeroptera","Ephemerellidae","Drunella","larva","average of all individuals",47.9,"percent_dm",7.5,"percent_dm",0.35,"percent_dm",7.45111111,353.54761905,47.44897959,"BLDE"
2021-07-20,"posey creek neon",38.89431,-78.147258,"Stream","Insecta","Animalia","Coleoptera","Elmidae","Optioservus","larva",,45.4,"percent_dm",10.4,"percent_dm",,,5.09294872,,,"POSE"
2021-07-20,"posey creek neon",38.89431,-78.147258,"Stream","Insecta","Animalia","Ephemeroptera","Ephemeridae","Ephemera","larva",,49.3,"percent_dm",11.2,"percent_dm",0.48,"percent_dm",5.13541667,265.32986111,51.66666667,"POSE"
2021-07-20,"posey creek neon",38.89431,-78.147258,"Stream","Insecta","Animalia","Megaloptera","Sialidae","Sialis","larva",,51.9,"percent_dm",11.7,"percent_dm",,,5.17521368,,,"POSE"
2021-07-20,"posey creek neon",38.89431,-78.147258,"Stream","Insecta","Animalia","Coleoptera","Elmidae","Dubiraphia","larva","average of all individuals",47.7,"percent_dm",10.7,"percent_dm",0.51,"percent_dm",5.20093458,241.61764706,46.45658263,"POSE"
2021-07-20,"posey creek neon",38.89431,-78.147258,"Stream","Insecta","Animalia","Megaloptera","Corydalidae","Nigronia","larva",,56.2,"percent_dm",12.5,"percent_dm",,,5.24533333,,,"POSE"
2021-07-20,"posey creek neon",38.89431,-78.147258,"Stream","Insecta","Animalia","Coleoptera","Dryopidae","Helichus","adult",,48.8,"percent_dm",10.6,"percent_dm",0.29,"percent_dm",5.37106918,434.71264368,80.93596059,"POSE"
2021-07-20,"posey creek neon",38.89431,-78.147258,"Stream","Insecta","Animalia","Hemiptera","Veliidae","Microvelia",,,55.3,"percent_dm",10.7,"percent_dm",,,6.02959502,,,"POSE"
2021-07-20,"posey creek neon",38.89431,-78.147258,"Stream","Insecta","Animalia","Ephemeroptera","Heptageniidae","Maccaffertium","larva",,47.3,"percent_dm",6.5,"percent_dm",,,8.48974359,,,"POSE"
2021-07-19,"red butte creek neon",40.784627,-111.796265,"Stream","Insecta","Animalia","Plecoptera","Chloroperlidae","Sweltsa","larva",,52,"percent_dm",10.1,"percent_dm",,,6.00660066,,,"REDB"
2021-07-19,"red butte creek neon",40.784627,-111.796265,"Stream","Insecta","Animalia","Ephemeroptera","Baetidae","Baetis","larva",,42.4,"percent_dm",8.2,"percent_dm",,,6.03252033,,,"REDB"
2021-07-19,"red butte creek neon",40.784627,-111.796265,"Stream","Insecta","Animalia","Diptera","Tipulidae","Tipula","larva",,48.5,"percent_dm",9.2,"percent_dm",,,6.15036232,,,"REDB"
2021-07-13,"arikaree river neon",39.759877,-102.444966,"Stream","Insecta","Animalia","Hemiptera","Corixidae",,"adult",,49.66,"percent_dm",12.65,"percent_dm",0.58,"percent_dm",4.57997365,221.18678161,48.29433498,"ARIK"
2021-07-13,"arikaree river neon",39.759877,-102.444966,"Stream","Insecta","Animalia","Odonata","Coenagrionidae",,"larva","average of all individuals",48.81,"percent_dm",11.21,"percent_dm",0.615,"percent_dm",5.07983943,205.02845528,40.3612079,"ARIK"
2021-07-13,"arikaree river neon",39.759877,-102.444966,"Stream","Insecta","Animalia","Hemiptera","Corixidae","Sigara","adult","average of all individuals",50.02,"percent_dm",11.35,"percent_dm",0.41,"percent_dm",5.14155653,315.16666667,61.29790941,"ARIK"
2021-07-13,"arikaree river neon",39.759877,-102.444966,"Stream","Insecta","Animalia","Hemiptera","Notonectidae","Notonecta","adult",,49.2,"percent_dm",10.95,"percent_dm",0.563,"percent_dm",5.24200913,225.75488455,43.06648059,"ARIK"
2021-07-13,"arikaree river neon",39.759877,-102.444966,"Stream","Insecta","Animalia","Diptera","Chironomidae",,"larva","average of all individuals",49.35,"percent_dm",10.84,"percent_dm",0.7,"percent_dm",5.31134686,182.125,34.28979592,"ARIK"
2021-07-13,"arikaree river neon",39.759877,-102.444966,"Stream","Insecta","Animalia","Ephemeroptera","Caenidae","Caenis","larva",,46.68,"percent_dm",8.97,"percent_dm",,,6.07134894,,,"ARIK"
2021-07-13,"arikaree river neon",39.759877,-102.444966,"Stream","Insecta","Animalia","Coleoptera","Haliplidae","Peltodytes","adult","average of all individuals",53.5,"percent_dm",8.9,"percent_dm",0.205,"percent_dm",7.01310861,674.18699187,96.13240418,"ARIK"
2021-07-13,"arikaree river neon",39.759877,-102.444966,"Stream","Insecta","Animalia","Coleoptera","Hydrophilidae","Tropisternus","larva",,45.92,"percent_dm",7.4,"percent_dm",,,7.23963964,,,"ARIK"
2021-07-13,"arikaree river neon",39.759877,-102.444966,"Stream","Insecta","Animalia","Hemiptera","Gerridae","Gerris","larva","average of all individuals",53.66,"percent_dm",6.99,"percent_dm",0.405,"percent_dm",8.9561278,342.27572016,38.21693122,"ARIK"
2021-07-13,"arikaree river neon",39.759877,-102.444966,"Stream","Insecta","Animalia","Ephemeroptera","Baetidae","Callibaetis","larva","average of all individuals",52.6,"percent_dm",5.2,"percent_dm",0.23,"percent_dm",11.80128205,590.79710145,50.0621118,"ARIK"
2021-07-02,"oksrukuyik creek neon",68.669308,-149.144107,"Stream","Insecta","Animalia","Plecoptera","Chloroperlidae","Alaskaperla","larva","average of all individuals",53.2,"percent_dm",9.2,"percent_dm",0.63,"percent_dm",6.74637681,218.14814815,32.33560091,"OKSR"
2021-07-02,"oksrukuyik creek neon",68.669308,-149.144107,"Stream","Insecta","Animalia","Diptera","Simuliidae","Helodon","larva","average of all individuals",51.6,"percent_dm",8.3,"percent_dm",0.65,"percent_dm",7.25301205,205.07692308,28.27472527,"OKSR"
2021-07-02,"oksrukuyik creek neon",68.669308,-149.144107,"Stream","Insecta","Animalia","Ephemeroptera","Baetidae","Acentrella","larva","average of all individuals",50.5,"percent_dm",6.2,"percent_dm",0.425,"percent_dm",9.50268817,306.96078431,32.30252101,"OKSR"
2021-07-02,"oksrukuyik creek neon",68.669308,-149.144107,"Stream","Insecta","Animalia","Plecoptera","Nemouridae","Nemoura","larva","average of all individuals",56.1,"percent_dm",6.8,"percent_dm",0.35,"percent_dm",9.625,414.07142857,43.02040816,"OKSR"
2021-07-01,"caribou creek neon",65.15308,-147.501997,"Stream","Insecta","Animalia","Ephemeroptera","Heptageniidae","Cinygmula","larva",,48.95,"percent_dm",9.5,"percent_dm",0.44,"percent_dm",6.01140351,287.39583333,47.80844156,"CARI"
2021-07-01,"caribou creek neon",65.15308,-147.501997,"Stream","Insecta","Animalia","Ephemeroptera","Baetidae","Baetis","larva",,44.5,"percent_dm",5.6,"percent_dm",0.655,"percent_dm",9.27083333,175.50890585,18.93129771,"CARI"
2021-07-01,"blue river neon",34.448448,-96.622796,"River","Insecta","Animalia","Trichoptera","Hydropsychidae","Hydropsyche","larva",,36.7,"percent_dm",7.2,"percent_dm",,,5.94675926,,,"BLUE"
2021-07-01,"blue river neon",34.448448,-96.622796,"River","Insecta","Animalia","Ephemeroptera","Caenidae","Caenis","larva",,41.9,"percent_dm",7.85,"percent_dm",0.625,"percent_dm",6.22717622,173.18666667,27.81142857,"BLUE"
2021-06-29,"rio yahuecas neon",18.174359,-66.800063,"Stream","Insecta","Animalia","Lepidoptera","Crambidae","Petrophila","larva","average of all individuals",44.98,"percent_dm",10.93,"percent_dm",1.02,"percent_dm",4.80115889,113.91993464,23.72759104,"GUIL"
2021-06-28,"pringle creek neon",33.378085,-97.779884,"Stream","Insecta","Animalia","Diptera","Tabanidae",,"larva",,48.2,"percent_dm",11.9,"percent_dm",,,4.7254902,,,"PRIN"
2021-06-28,"rio cupeyes neon",18.110265,-66.986411,"Stream","Insecta","Animalia","Lepidoptera","Crambidae","Petrophila","larva","average of all individuals",49.4,"percent_dm",10.9,"percent_dm",0.814,"percent_dm",5.28746177,156.77723178,29.65075465,"CUPE"
2021-06-28,"rio cupeyes neon",18.110265,-66.986411,"Stream","Insecta","Animalia","Coleoptera","Elmidae","Neoelmis","larva",,50.8,"percent_dm",10,"percent_dm",0.36,"percent_dm",5.92666667,364.53703704,61.50793651,"CUPE"
2021-06-28,"rio cupeyes neon",18.110265,-66.986411,"Stream","Insecta","Animalia","Ephemeroptera","Leptophlebiidae","Farrodes","larva","average of all individuals",48.7,"percent_dm",8.4,"percent_dm",0.39,"percent_dm",6.76388889,322.58547009,47.69230769,"CUPE"
2021-06-22,"blacktail deer creek neon",44.953606,-110.589396,"Stream","Insecta","Animalia","Coleoptera","Elmidae","Optioservus","adult","average of all individuals",49.6,"percent_dm",10.6,"percent_dm",0.12,"percent_dm",5.4591195,1067.77777778,195.5952381,"BLDE"
2021-06-22,"blacktail deer creek neon",44.953606,-110.589396,"Stream","Insecta","Animalia","Plecoptera","Perlidae","Doroneuria","larva","average of all individuals",52,"percent_dm",11,"percent_dm",0.47,"percent_dm",5.51515152,285.81560284,51.82370821,"BLDE"
2021-06-22,"blacktail deer creek neon",44.953606,-110.589396,"Stream","Insecta","Animalia","Diptera","Chironomidae",,"larva",,44.9,"percent_dm",9.4,"percent_dm",0.44,"percent_dm",5.57269504,263.61742424,47.30519481,"BLDE"
2021-06-22,"blacktail deer creek neon",44.953606,-110.589396,"Stream","Insecta","Animalia","Coleoptera","Elmidae","Heterlimnius","larva","average of all individuals",47.7,"percent_dm",9.5,"percent_dm",0.32,"percent_dm",5.85789474,385.078125,65.73660714,"BLDE"
2021-06-22,"blacktail deer creek neon",44.953606,-110.589396,"Stream","Insecta","Animalia","Plecoptera","Chloroperlidae","Sweltsa","larva","average of all individuals",50.6,"percent_dm",10,"percent_dm",0.44,"percent_dm",5.90333333,297.08333333,50.32467532,"BLDE"
2021-06-22,"blacktail deer creek neon",44.953606,-110.589396,"Stream","Insecta","Animalia","Ephemeroptera","Ephemerellidae","Drunella","larva",,46.7,"percent_dm",9.2,"percent_dm",0.41,"percent_dm",5.92210145,294.24796748,49.68641115,"BLDE"
2021-06-22,"blacktail deer creek neon",44.953606,-110.589396,"Stream","Insecta","Animalia","Ephemeroptera","Heptageniidae","Rhithrogena","larva",,46.3,"percent_dm",9.1,"percent_dm",0.75,"percent_dm",5.93589744,159.47777778,26.86666667,"BLDE"
2021-06-22,"blacktail deer creek neon",44.953606,-110.589396,"Stream","Insecta","Animalia","Trichoptera","Rhyacophilidae","Rhyacophila","larva","average of all individuals",51.1,"percent_dm",9.8,"percent_dm",0.54,"percent_dm",6.08333333,244.45987654,40.18518519,"BLDE"
2021-06-22,"blacktail deer creek neon",44.953606,-110.589396,"Stream","Insecta","Animalia","Coleoptera","Elmidae","Optioservus","larva","average of all individuals",50.7,"percent_dm",9.7,"percent_dm",0.34,"percent_dm",6.09793814,385.22058824,63.17226891,"BLDE"
2021-06-22,"blacktail deer creek neon",44.953606,-110.589396,"Stream","Insecta","Animalia","Diptera","Chironomidae","Cricotopus","larva",,53.7,"percent_dm",9.6,"percent_dm",0.72,"percent_dm",6.52604167,192.67361111,29.52380952,"BLDE"
2021-06-22,"blacktail deer creek neon",44.953606,-110.589396,"Stream","Insecta","Animalia","Ephemeroptera","Baetidae","Baetis","larva","average of all individuals",47.4,"percent_dm",7.9,"percent_dm",0.6,"percent_dm",7,204.08333333,29.1547619,"BLDE"
2021-06-22,"blacktail deer creek neon",44.953606,-110.589396,"Stream","Insecta","Animalia","Ephemeroptera","Ephemerellidae","Ephemerella","larva","average of all individuals",43.1,"percent_dm",6.7,"percent_dm",0.45,"percent_dm",7.50497512,247.42592593,32.96825397,"BLDE"
2021-06-18,"oksrukuyik creek neon",68.669308,-149.144107,"Stream","Insecta","Animalia","Plecoptera","Nemouridae","Nemoura","larva","average of all individuals",52.9,"percent_dm",5.7,"percent_dm",0.585,"percent_dm",10.82748538,233.6039886,21.57509158,"OKSR"
2021-05-11,"martha creek neon",45.79233,-121.929416,"Stream","Insecta","Animalia","Trichoptera","Polycentropodidae","Polycentropus","larva",,54.8,"percent_dm",11,"percent_dm",,,5.81212121,,,"MART"
2021-05-11,"martha creek neon",45.79233,-121.929416,"Stream","Insecta","Animalia","Diptera","Limoniidae","Hexatoma","larva","average of all individuals",43.4,"percent_dm",8.5,"percent_dm",0.33,"percent_dm",5.95686275,339.74747475,57.03463203,"MART"
2021-05-11,"martha creek neon",45.79233,-121.929416,"Stream","Insecta","Animalia","Coleoptera","Elmidae","Zaitzevia","larva",,49.1,"percent_dm",9.6,"percent_dm",0.3,"percent_dm",5.96701389,422.80555556,70.85714286,"MART"
2021-05-11,"martha creek neon",45.79233,-121.929416,"Stream","Insecta","Animalia","Trichoptera","Rhyacophilidae","Rhyacophila","larva","average of all individuals",46.2,"percent_dm",8.6,"percent_dm",0.57,"percent_dm",6.26744186,209.38596491,33.4085213,"MART"
2021-05-11,"martha creek neon",45.79233,-121.929416,"Stream","Insecta","Animalia","Trichoptera","Limnephilidae","Allocosmoecus","larva",,54.7,"percent_dm",5.4,"percent_dm",0.13,"percent_dm",11.81790123,1086.98717949,91.97802198,"MART"
2021-05-11,"martha creek neon",45.79233,-121.929416,"Stream","Insecta","Animalia","Ephemeroptera","Baetidae","Baetis","larva",,51.7,"percent_dm",4.9,"percent_dm",0.53,"percent_dm",12.30952381,251.99685535,20.47169811,"MART"
2021-05-11,"teakettle creek - watershed 2 neon",36.955312,-119.023204,"Stream","Insecta","Animalia","Ephemeroptera","Baetidae","Baetis","larva","average of all individuals",49.1,"percent_dm",10.3,"percent_dm",0.52,"percent_dm",5.56148867,243.92628205,43.85989011,"TECR"
2021-05-11,"teakettle creek - watershed 2 neon",36.955312,-119.023204,"Stream","Insecta","Animalia","Ephemeroptera","Ephemerellidae","Serratella","larva","average of all individuals",49.2,"percent_dm",10.2,"percent_dm",0.48,"percent_dm",5.62745098,264.79166667,47.05357143,"TECR"
2021-05-11,"teakettle creek - watershed 2 neon",36.955312,-119.023204,"Stream","Insecta","Animalia","Diptera","Chironomidae","Cricotopus","larva",,54.2,"percent_dm",10,"percent_dm",0.595,"percent_dm",6.32333333,235.32212885,37.21488595,"TECR"
2021-05-11,"teakettle creek - watershed 2 neon",36.955312,-119.023204,"Stream","Insecta","Animalia","Coleoptera","Elmidae","Zaitzevia","adult",,49.9,"percent_dm",9.2,"percent_dm",0.18,"percent_dm",6.32789855,716.15740741,113.17460317,"TECR"
2021-05-11,"teakettle creek - watershed 2 neon",36.955312,-119.023204,"Stream","Insecta","Animalia","Diptera","Chironomidae",,"larva",,53.4,"percent_dm",9.2,"percent_dm",,,6.77173913,,,"TECR"
2021-05-11,"teakettle creek - watershed 2 neon",36.955312,-119.023204,"Stream","Insecta","Animalia","Ephemeroptera","Heptageniidae","Epeorus","larva",,52.4,"percent_dm",8,"percent_dm",0.3,"percent_dm",7.64166667,451.22222222,59.04761905,"TECR"
2021-05-10,"west st louis creek neon",39.891161,-105.914011,"Stream","Insecta","Animalia","Coleoptera","Elmidae","Heterlimnius","adult",,51.3,"percent_dm",11.2,"percent_dm",,,5.34375,,,"WLOU"
2021-05-10,"west st louis creek neon",39.891161,-105.914011,"Stream","Insecta","Animalia","Coleoptera","Elmidae","Heterlimnius","larva","average of all individuals",48.1,"percent_dm",10,"percent_dm",0.44,"percent_dm",5.61166667,282.40530303,50.32467532,"WLOU"
2021-05-10,"west st louis creek neon",39.891161,-105.914011,"Stream","Insecta","Animalia","Trichoptera","Rhyacophilidae","Rhyacophila","larva","average of all individuals",45.8,"percent_dm",8.9,"percent_dm",0.23,"percent_dm",6.00374532,514.42028986,85.68322981,"WLOU"
2021-05-10,"west st louis creek neon",39.891161,-105.914011,"Stream","Insecta","Animalia","Plecoptera","Capniidae",,"larva",,48.2,"percent_dm",9.2,"percent_dm",0.44,"percent_dm",6.11231884,282.99242424,46.2987013,"WLOU"
2021-05-10,"west st louis creek neon",39.891161,-105.914011,"Stream","Insecta","Animalia","Diptera","Chironomidae",,"larva",,49.9,"percent_dm",9.4,"percent_dm",0.395,"percent_dm",6.19326241,326.35021097,52.69439421,"WLOU"
2021-05-10,"west st louis creek neon",39.891161,-105.914011,"Stream","Insecta","Animalia","Diptera","Chironomidae","Cricotopus","larva",,52.3,"percent_dm",9.6,"percent_dm",0.54,"percent_dm",6.35590278,250.20061728,39.36507937,"WLOU"
2021-05-10,"west st louis creek neon",39.891161,-105.914011,"Stream","Insecta","Animalia","Ephemeroptera","Baetidae","Baetis","larva",,53.4,"percent_dm",8.4,"percent_dm",0.65,"percent_dm",7.41666667,212.23076923,28.61538462,"WLOU"
2021-05-10,"west st louis creek neon",39.891161,-105.914011,"Stream","Insecta","Animalia","Trichoptera","Glossosomatidae","Glossosoma","larva",,54.9,"percent_dm",6.1,"percent_dm",,,10.5,,,"WLOU"
2021-04-21,"red butte creek neon",40.784627,-111.796265,"Stream","Insecta","Animalia","Diptera","Chironomidae",,"larva",,47.4,"percent_dm",9.9,"percent_dm",0.77,"percent_dm",5.58585859,159.02597403,28.46938776,"REDB"
2021-04-21,"red butte creek neon",40.784627,-111.796265,"Stream","Insecta","Animalia","Diptera","Pediciidae","Dicranota","larva","average of all individuals",50,"percent_dm",9.1,"percent_dm",0.723,"percent_dm",6.41025641,178.65375749,27.86998617,"REDB"
2021-04-21,"red butte creek neon",40.784627,-111.796265,"Stream","Insecta","Animalia","Plecoptera","Chloroperlidae","Sweltsa","larva","average of all individuals",45.5,"percent_dm",8.1,"percent_dm",0.31,"percent_dm",6.55349794,379.16666667,57.85714286,"REDB"
2021-04-21,"red butte creek neon",40.784627,-111.796265,"Stream","Insecta","Animalia","Coleoptera","Elmidae","Heterlimnius","adult",,50.7,"percent_dm",8.8,"percent_dm",0.298,"percent_dm",6.72159091,439.51342282,65.38830297,"REDB"
2021-04-21,"red butte creek neon",40.784627,-111.796265,"Stream","Insecta","Animalia","Coleoptera","Elmidae","Cleptelmis","larva","average of all individuals",51.7,"percent_dm",8.5,"percent_dm",0.605,"percent_dm",7.09607843,220.75757576,31.10979929,"REDB"
2021-04-21,"red butte creek neon",40.784627,-111.796265,"Stream","Insecta","Animalia","Plecoptera",,,"larva","average of all individuals",41.4,"percent_dm",6.5,"percent_dm",0.53,"percent_dm",7.43076923,201.79245283,27.15633423,"REDB"
2021-04-21,"red butte creek neon",40.784627,-111.796265,"Stream","Insecta","Animalia","Ephemeroptera","Baetidae","Baetis","larva",,47.7,"percent_dm",6.3,"percent_dm",0.49,"percent_dm",8.83333333,251.47959184,28.46938776,"REDB"
2021-04-14,"mcrae creek neon",44.258957,-122.165861,"Stream","Insecta","Animalia","Ephemeroptera","Baetidae","Baetis","larva",,46.3,"percent_dm",9.9,"percent_dm",0.55,"percent_dm",5.45622896,217.46969697,39.85714286,"MCRA"
2021-04-14,"mcrae creek neon",44.258957,-122.165861,"Stream","Insecta","Animalia","Plecoptera","Chloroperlidae","Sweltsa","larva",,46.8,"percent_dm",9.5,"percent_dm",0.69,"percent_dm",5.74736842,175.2173913,30.48654244,"MCRA"
2021-04-14,"mcrae creek neon",44.258957,-122.165861,"Stream","Insecta","Animalia","Ephemeroptera","Heptageniidae","Epeorus","larva",,51.7,"percent_dm",9.6,"percent_dm",0.7,"percent_dm",6.28298611,190.79761905,30.36734694,"MCRA"
2021-04-14,"mcrae creek neon",44.258957,-122.165861,"Stream","Insecta","Animalia","Ephemeroptera","Heptageniidae","Rhithrogena","larva","average of all individuals",54.6,"percent_dm",8.2,"percent_dm",0.54,"percent_dm",7.76829268,261.2037037,33.62433862,"MCRA"
2021-04-13,"upper big creek neon",37.061924,-119.258304,"Stream","Insecta","Animalia","Odonata","Gomphidae","Octogomphus","larva",,48.1,"percent_dm",10.8,"percent_dm",0.28,"percent_dm",5.19598765,443.7797619,85.40816327,"BIGC"
2021-04-13,"upper big creek neon",37.061924,-119.258304,"Stream","Insecta","Animalia","Plecoptera","Chloroperlidae","Sweltsa","larva","average of all individuals",50.1,"percent_dm",11.2,"percent_dm",0.66,"percent_dm",5.21875,196.09848485,37.57575758,"BIGC"
2021-04-13,"upper big creek neon",37.061924,-119.258304,"Stream","Insecta","Animalia","Diptera","Chironomidae",,"larva",,51.1,"percent_dm",10.7,"percent_dm",0.41,"percent_dm",5.57165109,321.97154472,57.78745645,"BIGC"
2021-04-13,"upper big creek neon",37.061924,-119.258304,"Stream","Insecta","Animalia","Diptera","Chironomidae",,"larva",,45.6,"percent_dm",8.7,"percent_dm",0.42,"percent_dm",6.11494253,280.47619048,45.86734694,"BIGC"
2021-04-13,"upper big creek neon",37.061924,-119.258304,"Stream","Insecta","Animalia","Ephemeroptera","Leptophlebiidae","Neoleptophlebia","larva","average of all individuals",50.2,"percent_dm",9.1,"percent_dm",0.25,"percent_dm",6.43589744,518.73333333,80.6,"BIGC"
2021-04-13,"upper big creek neon",37.061924,-119.258304,"Stream","Insecta","Animalia","Coleoptera","Elmidae","Optioservus","adult","average of all individuals",53.6,"percent_dm",8.7,"percent_dm",0.3,"percent_dm",7.18773946,461.55555556,64.21428571,"BIGC"
2021-04-13,"upper big creek neon",37.061924,-119.258304,"Stream","Insecta","Animalia","Coleoptera","Psephenidae","Eubrianax","larva",,51.2,"percent_dm",8,"percent_dm",0.29,"percent_dm",7.46666667,456.09195402,61.08374384,"BIGC"
2021-04-13,"upper big creek neon",37.061924,-119.258304,"Stream","Insecta","Animalia","Ephemeroptera","Ephemerellidae","Ephemerella","larva","average of all individuals",48,"percent_dm",7.5,"percent_dm",0.35,"percent_dm",7.46666667,354.28571429,47.44897959,"BIGC"
2021-04-13,"upper big creek neon",37.061924,-119.258304,"Stream","Insecta","Animalia","Plecoptera","Perlidae","Calineuria","larva",,56.6,"percent_dm",7.1,"percent_dm",0.39,"percent_dm",9.30046948,374.91452991,40.31135531,"BIGC"
2021-04-12,"lower hop brook neon",42.471373,-72.326803,"Stream","Insecta","Animalia","Plecoptera","Perlidae","Eccoptura","larva",,49.5,"percent_dm",10.6,"percent_dm",1.085,"percent_dm",5.44811321,117.85714286,21.63265306,"HOPB"
2021-04-12,"lower hop brook neon",42.471373,-72.326803,"Stream","Insecta","Animalia","Coleoptera","Psephenidae","Psephenus","larva",,49.8,"percent_dm",10.5,"percent_dm",0.47,"percent_dm",5.53333333,273.72340426,49.46808511,"HOPB"
2021-04-12,"lower hop brook neon",42.471373,-72.326803,"Stream","Insecta","Animalia","Trichoptera","Hydropsychidae","Diplectrona","larva","average of all individuals",52.2,"percent_dm",9.5,"percent_dm",0.665,"percent_dm",6.41052632,202.78195489,31.63265306,"HOPB"
2021-04-12,"lower hop brook neon",42.471373,-72.326803,"Stream","Insecta","Animalia","Ephemeroptera","Heptageniidae","Epeorus","larva","average of all individuals",54.6,"percent_dm",6.6,"percent_dm",0.735,"percent_dm",9.65151515,191.9047619,19.88338192,"HOPB"
2021-04-01,"blue river neon",34.448448,-96.622796,"River","Insecta","Animalia","Ephemeroptera","Heptageniidae","Stenacron","larva",,45.5,"percent_dm",8.5,"percent_dm",0.48,"percent_dm",6.24509804,244.87847222,39.21130952,"BLUE"
2021-04-01,"blue river neon",34.448448,-96.622796,"River","Insecta","Animalia","Diptera","Chironomidae","Parakiefferiella","larva",,39.25,"percent_dm",7.1,"percent_dm",0.33,"percent_dm",6.44953052,307.26010101,47.64069264,"BLUE"
2021-04-01,"blue river neon",34.448448,-96.622796,"River","Insecta","Animalia","Ephemeroptera","Heptageniidae",,"larva",,45.85,"percent_dm",7.4,"percent_dm",,,7.2286036,,,"BLUE"
